id,numByuers,numGoods,iteration,algo,maxIteration,sumR,sumX,sumRX,parameter,distributionDelay,distributionParameter
-1,2,2,0,distributed,1000,847.071206569325,2.0,444.5137719505256,0,Uniform,Uniform
-1,2,2,1,distributed,1000,847.071206569325,2.0,444.5137719505256,0,Uniform,Uniform
-1,2,2,2,distributed,1000,847.071206569325,2.0,457.4325372857821,0,Uniform,Uniform
-1,2,2,3,distributed,1000,847.071206569325,2.0,457.4325372857821,0,Uniform,Uniform
-1,2,2,4,distributed,1000,847.071206569325,2.0,465.2088498202783,0,Uniform,Uniform
-1,2,2,5,distributed,1000,847.071206569325,2.0,465.2088498202783,0,Uniform,Uniform
-1,2,2,6,distributed,1000,847.071206569325,2.0,469.9684685586388,0,Uniform,Uniform
-1,2,2,7,distributed,1000,847.071206569325,2.0,469.9684685586388,0,Uniform,Uniform
-1,2,2,8,distributed,1000,847.071206569325,2.0,472.9797339938088,0,Uniform,Uniform
-1,2,2,9,distributed,1000,847.071206569325,2.0,472.9797339938088,0,Uniform,Uniform
-1,2,2,10,distributed,1000,847.071206569325,2.0,474.9678482859632,0,Uniform,Uniform
-1,2,2,11,distributed,1000,847.071206569325,2.0,474.9678482859632,0,Uniform,Uniform
-1,2,2,12,distributed,1000,847.071206569325,2.0,476.3402942646826,0,Uniform,Uniform
-1,2,2,13,distributed,1000,847.071206569325,2.0,476.3402942646826,0,Uniform,Uniform
-1,2,2,14,distributed,1000,847.071206569325,2.0,477.3281433082465,0,Uniform,Uniform
-1,2,2,15,distributed,1000,847.071206569325,2.0,477.3281433082465,0,Uniform,Uniform
-1,2,2,16,distributed,1000,847.071206569325,2.0,478.0656600221919,0,Uniform,Uniform
-1,2,2,17,distributed,1000,847.071206569325,2.0,478.0656600221919,0,Uniform,Uniform
-1,2,2,18,distributed,1000,847.071206569325,2.0,478.6334329334315,0,Uniform,Uniform
-1,2,2,19,distributed,1000,847.071206569325,2.0,478.6334329334315,0,Uniform,Uniform
-1,2,2,20,distributed,1000,847.071206569325,2.0,479.0816658564898,0,Uniform,Uniform
-1,2,2,21,distributed,1000,847.071206569325,2.0,479.0816658564898,0,Uniform,Uniform
-1,2,2,22,distributed,1000,847.071206569325,2.0,479.44288290669397,0,Uniform,Uniform
-1,2,2,23,distributed,1000,847.071206569325,2.0,479.44288290669397,0,Uniform,Uniform
-1,2,2,24,distributed,1000,847.071206569325,2.0,479.738975668971,0,Uniform,Uniform
-1,2,2,25,distributed,1000,847.071206569325,2.0,479.738975668971,0,Uniform,Uniform
-1,2,2,26,distributed,1000,847.071206569325,2.0,479.98519901720204,0,Uniform,Uniform
-1,2,2,27,distributed,1000,847.071206569325,2.0,479.98519901720204,0,Uniform,Uniform
-1,2,2,28,distributed,1000,847.071206569325,2.0,480.1924996958005,0,Uniform,Uniform
-1,2,2,29,distributed,1000,847.071206569325,2.0,480.1924996958005,0,Uniform,Uniform
-1,2,2,30,distributed,1000,847.071206569325,2.0,480.3689194671754,0,Uniform,Uniform
-1,2,2,31,distributed,1000,847.071206569325,2.0,480.3689194671754,0,Uniform,Uniform
-1,2,2,32,distributed,1000,847.071206569325,2.0,480.52047457196886,0,Uniform,Uniform
-1,2,2,33,distributed,1000,847.071206569325,2.0,480.52047457196886,0,Uniform,Uniform
-1,2,2,34,distributed,1000,847.071206569325,2.0,480.6517310287305,0,Uniform,Uniform
-1,2,2,35,distributed,1000,847.071206569325,2.0,480.6517310287305,0,Uniform,Uniform
-1,2,2,36,distributed,1000,847.071206569325,2.0,480.76619673550175,0,Uniform,Uniform
-1,2,2,37,distributed,1000,847.071206569325,2.0,480.76619673550175,0,Uniform,Uniform
-1,2,2,38,distributed,1000,847.071206569325,2.0,480.86659793778193,0,Uniform,Uniform
-1,2,2,39,distributed,1000,847.071206569325,2.0,480.86659793778193,0,Uniform,Uniform
-1,2,2,40,distributed,1000,847.071206569325,2.0,480.95507885095935,0,Uniform,Uniform
-1,2,2,41,distributed,1000,847.071206569325,2.0,480.95507885095935,0,Uniform,Uniform
-1,2,2,42,distributed,1000,847.071206569325,2.0,481.03334778458316,0,Uniform,Uniform
-1,2,2,43,distributed,1000,847.071206569325,2.0,481.03334778458316,0,Uniform,Uniform
-1,2,2,44,distributed,1000,847.071206569325,2.0,481.10278474720405,0,Uniform,Uniform
-1,2,2,45,distributed,1000,847.071206569325,2.0,481.10278474720405,0,Uniform,Uniform
-1,2,2,46,distributed,1000,847.071206569325,2.0,481.1645207918994,0,Uniform,Uniform
-1,2,2,47,distributed,1000,847.071206569325,2.0,481.1645207918994,0,Uniform,Uniform
-1,2,2,48,distributed,1000,847.071206569325,2.0,481.21949649508474,0,Uniform,Uniform
-1,2,2,49,distributed,1000,847.071206569325,2.0,481.21949649508474,0,Uniform,Uniform
-1,2,2,50,distributed,1000,847.071206569325,2.0,481.26850504747557,0,Uniform,Uniform
-1,2,2,51,distributed,1000,847.071206569325,2.0,481.26850504747557,0,Uniform,Uniform
-1,2,2,52,distributed,1000,847.071206569325,2.0,481.3122240526754,0,Uniform,Uniform
-1,2,2,53,distributed,1000,847.071206569325,2.0,481.3122240526754,0,Uniform,Uniform
-1,2,2,54,distributed,1000,847.071206569325,2.0,481.3512390825089,0,Uniform,Uniform
-1,2,2,55,distributed,1000,847.071206569325,2.0,481.3512390825089,0,Uniform,Uniform
-1,2,2,56,distributed,1000,847.071206569325,2.0,481.3860612370609,0,Uniform,Uniform
-1,2,2,57,distributed,1000,847.071206569325,2.0,481.3860612370609,0,Uniform,Uniform
-1,2,2,58,distributed,1000,847.071206569325,2.0,481.41714034920886,0,Uniform,Uniform
-1,2,2,59,distributed,1000,847.071206569325,2.0,481.41714034920886,0,Uniform,Uniform
-1,2,2,60,distributed,1000,847.071206569325,2.0,481.44487502002704,0,Uniform,Uniform
-1,2,2,61,distributed,1000,847.071206569325,2.0,481.44487502002704,0,Uniform,Uniform
-1,2,2,62,distributed,1000,847.071206569325,2.0,481.4696203399534,0,Uniform,Uniform
-1,2,2,63,distributed,1000,847.071206569325,2.0,481.4696203399534,0,Uniform,Uniform
-1,2,2,64,distributed,1000,847.071206569325,2.0,481.49169391215764,0,Uniform,Uniform
-1,2,2,65,distributed,1000,847.071206569325,2.0,481.49169391215764,0,Uniform,Uniform
-1,2,2,66,distributed,1000,847.071206569325,2.0,481.5113806246287,0,Uniform,Uniform
-1,2,2,67,distributed,1000,847.071206569325,2.0,481.5113806246287,0,Uniform,Uniform
-1,2,2,68,distributed,1000,847.071206569325,2.0,481.52893649650133,0,Uniform,Uniform
-1,2,2,69,distributed,1000,847.071206569325,2.0,481.52893649650133,0,Uniform,Uniform
-1,2,2,70,distributed,1000,847.071206569325,2.0,481.5445918372898,0,Uniform,Uniform
-1,2,2,71,distributed,1000,847.071206569325,2.0,481.5445918372898,0,Uniform,Uniform
-1,2,2,72,distributed,1000,847.071206569325,2.0,481.5585538944644,0,Uniform,Uniform
-1,2,2,73,distributed,1000,847.071206569325,2.0,481.5585538944644,0,Uniform,Uniform
-1,2,2,74,distributed,1000,847.071206569325,2.0,481.5710091179686,0,Uniform,Uniform
-1,2,2,75,distributed,1000,847.071206569325,2.0,481.5710091179686,0,Uniform,Uniform
-1,2,2,76,distributed,1000,847.071206569325,2.0,481.5821251351544,0,Uniform,Uniform
-1,2,2,77,distributed,1000,847.071206569325,2.0,481.5821251351544,0,Uniform,Uniform
-1,2,2,78,distributed,1000,847.071206569325,2.0,481.59205250311584,0,Uniform,Uniform
-1,2,2,79,distributed,1000,847.071206569325,2.0,481.59205250311584,0,Uniform,Uniform
-1,2,2,80,distributed,1000,847.071206569325,2.0,481.6009262855161,0,Uniform,Uniform
-1,2,2,81,distributed,1000,847.071206569325,2.0,481.6009262855161,0,Uniform,Uniform
-1,2,2,82,distributed,1000,847.071206569325,2.0,481.6088674863172,0,Uniform,Uniform
-1,2,2,83,distributed,1000,847.071206569325,2.0,481.6088674863172,0,Uniform,Uniform
-1,2,2,84,distributed,1000,847.071206569325,2.0,481.6159843622645,0,Uniform,Uniform
-1,2,2,85,distributed,1000,847.071206569325,2.0,481.6159843622645,0,Uniform,Uniform
-1,2,2,86,distributed,1000,847.071206569325,2.0,481.62237362867256,0,Uniform,Uniform
-1,2,2,87,distributed,1000,847.071206569325,2.0,481.62237362867256,0,Uniform,Uniform
-1,2,2,88,distributed,1000,847.071206569325,2.0,481.62812156826834,0,Uniform,Uniform
-1,2,2,89,distributed,1000,847.071206569325,2.0,481.62812156826834,0,Uniform,Uniform
-1,2,2,90,distributed,1000,847.071206569325,2.0,481.6333050499234,0,Uniform,Uniform
-1,2,2,91,distributed,1000,847.071206569325,2.0,481.6333050499234,0,Uniform,Uniform
-1,2,2,92,distributed,1000,847.071206569325,2.0,481.63799246249744,0,Uniform,Uniform
-1,2,2,93,distributed,1000,847.071206569325,2.0,481.63799246249744,0,Uniform,Uniform
-1,2,2,94,distributed,1000,847.071206569325,2.0,481.64224456829885,0,Uniform,Uniform
-1,2,2,95,distributed,1000,847.071206569325,2.0,481.64224456829885,0,Uniform,Uniform
-1,2,2,96,distributed,1000,847.071206569325,2.0,481.64611528048147,0,Uniform,Uniform
-1,2,2,97,distributed,1000,847.071206569325,2.0,481.64611528048147,0,Uniform,Uniform
-1,2,2,98,distributed,1000,847.071206569325,2.0,481.64965236879385,0,Uniform,Uniform
-1,2,2,99,distributed,1000,847.071206569325,2.0,481.64965236879385,0,Uniform,Uniform
-1,2,2,100,distributed,1000,847.071206569325,2.0,481.65289809827647,0,Uniform,Uniform
-1,2,2,101,distributed,1000,847.071206569325,2.0,481.65289809827647,0,Uniform,Uniform
-1,2,2,102,distributed,1000,847.071206569325,2.0,481.65588980571295,0,Uniform,Uniform
-1,2,2,103,distributed,1000,847.071206569325,2.0,481.65588980571295,0,Uniform,Uniform
-1,2,2,104,distributed,1000,847.071206569325,2.0,481.6586604187337,0,Uniform,Uniform
-1,2,2,105,distributed,1000,847.071206569325,2.0,481.6586604187337,0,Uniform,Uniform
-1,2,2,106,distributed,1000,847.071206569325,2.0,481.6612389224948,0,Uniform,Uniform
-1,2,2,107,distributed,1000,847.071206569325,2.0,481.6612389224948,0,Uniform,Uniform
-1,2,2,108,distributed,1000,847.071206569325,2.0,481.66365077875474,0,Uniform,Uniform
-1,2,2,109,distributed,1000,847.071206569325,2.0,481.66365077875474,0,Uniform,Uniform
-1,2,2,110,distributed,1000,847.071206569325,2.0,481.6659183019936,0,Uniform,Uniform
-1,2,2,111,distributed,1000,847.071206569325,2.0,481.6659183019936,0,Uniform,Uniform
-1,2,2,112,distributed,1000,847.071206569325,2.0,481.6680609969535,0,Uniform,Uniform
-1,2,2,113,distributed,1000,847.071206569325,2.0,481.6680609969535,0,Uniform,Uniform
-1,2,2,114,distributed,1000,847.071206569325,2.0,481.6700958616636,0,Uniform,Uniform
-1,2,2,115,distributed,1000,847.071206569325,2.0,481.6700958616636,0,Uniform,Uniform
-1,2,2,116,distributed,1000,847.071206569325,2.0,481.6720376596727,0,Uniform,Uniform
-1,2,2,117,distributed,1000,847.071206569325,2.0,481.6720376596727,0,Uniform,Uniform
-1,2,2,118,distributed,1000,847.071206569325,2.0,481.6738991648407,0,Uniform,Uniform
-1,2,2,119,distributed,1000,847.071206569325,2.0,481.6738991648407,0,Uniform,Uniform
-1,2,2,120,distributed,1000,847.071206569325,2.0,481.6756913816869,0,Uniform,Uniform
-1,2,2,121,distributed,1000,847.071206569325,2.0,481.6756913816869,0,Uniform,Uniform
-1,2,2,122,distributed,1000,847.071206569325,2.0,481.6774237439447,0,Uniform,Uniform
-1,2,2,123,distributed,1000,847.071206569325,2.0,481.6774237439447,0,Uniform,Uniform
-1,2,2,124,distributed,1000,847.071206569325,2.0,481.6791042936413,0,Uniform,Uniform
-1,2,2,125,distributed,1000,847.071206569325,2.0,481.6791042936413,0,Uniform,Uniform
-1,2,2,126,distributed,1000,847.071206569325,2.0,481.68073984273775,0,Uniform,Uniform
-1,2,2,127,distributed,1000,847.071206569325,2.0,481.68073984273775,0,Uniform,Uniform
-1,2,2,128,distributed,1000,847.071206569325,2.0,481.682336119082,0,Uniform,Uniform
-1,2,2,129,distributed,1000,847.071206569325,2.0,481.682336119082,0,Uniform,Uniform
-1,2,2,130,distributed,1000,847.071206569325,2.0,481.6838978982113,0,Uniform,Uniform
-1,2,2,131,distributed,1000,847.071206569325,2.0,481.6838978982113,0,Uniform,Uniform
-1,2,2,132,distributed,1000,847.071206569325,2.0,481.6854291223336,0,Uniform,Uniform
-1,2,2,133,distributed,1000,847.071206569325,2.0,481.6854291223336,0,Uniform,Uniform
-1,2,2,134,distributed,1000,847.071206569325,2.0,481.686933007642,0,Uniform,Uniform
-1,2,2,135,distributed,1000,847.071206569325,2.0,481.686933007642,0,Uniform,Uniform
-1,2,2,136,distributed,1000,847.071206569325,2.0,481.6884121409897,0,Uniform,Uniform
-1,2,2,137,distributed,1000,847.071206569325,2.0,481.6884121409897,0,Uniform,Uniform
-1,2,2,138,distributed,1000,847.071206569325,2.0,481.6898685668184,0,Uniform,Uniform
-1,2,2,139,distributed,1000,847.071206569325,2.0,481.6898685668184,0,Uniform,Uniform
-1,2,2,140,distributed,1000,847.071206569325,2.0,481.6913038651505,0,Uniform,Uniform
-1,2,2,141,distributed,1000,847.071206569325,2.0,481.6913038651505,0,Uniform,Uniform
-1,2,2,142,distributed,1000,847.071206569325,2.0,481.69271922136926,0,Uniform,Uniform
-1,2,2,143,distributed,1000,847.071206569325,2.0,481.69271922136926,0,Uniform,Uniform
-1,2,2,144,distributed,1000,847.071206569325,2.0,481.69411548845056,0,Uniform,Uniform
-1,2,2,145,distributed,1000,847.071206569325,2.0,481.69411548845056,0,Uniform,Uniform
-1,2,2,146,distributed,1000,847.071206569325,2.0,481.69549324225903,0,Uniform,Uniform
-1,2,2,147,distributed,1000,847.071206569325,2.0,481.69549324225903,0,Uniform,Uniform
-1,2,2,148,distributed,1000,847.071206569325,2.0,481.69685283047284,0,Uniform,Uniform
-1,2,2,149,distributed,1000,847.071206569325,2.0,481.69685283047284,0,Uniform,Uniform
-1,2,2,150,distributed,1000,847.071206569325,2.0,481.69819441567165,0,Uniform,Uniform
-1,2,2,151,distributed,1000,847.071206569325,2.0,481.69819441567165,0,Uniform,Uniform
-1,2,2,152,distributed,1000,847.071206569325,2.0,481.69951801308497,0,Uniform,Uniform
-1,2,2,153,distributed,1000,847.071206569325,2.0,481.69951801308497,0,Uniform,Uniform
-1,2,2,154,distributed,1000,847.071206569325,2.0,481.70082352347316,0,Uniform,Uniform
-1,2,2,155,distributed,1000,847.071206569325,2.0,481.70082352347316,0,Uniform,Uniform
-1,2,2,156,distributed,1000,847.071206569325,2.0,481.7021107615812,0,Uniform,Uniform
-1,2,2,157,distributed,1000,847.071206569325,2.0,481.7021107615812,0,Uniform,Uniform
-1,2,2,158,distributed,1000,847.071206569325,2.0,481.70337948059154,0,Uniform,Uniform
-1,2,2,159,distributed,1000,847.071206569325,2.0,481.70337948059154,0,Uniform,Uniform
-1,2,2,160,distributed,1000,847.071206569325,2.0,481.7046293929626,0,Uniform,Uniform
-1,2,2,161,distributed,1000,847.071206569325,2.0,481.7046293929626,0,Uniform,Uniform
-1,2,2,162,distributed,1000,847.071206569325,2.0,481.7058601880289,0,Uniform,Uniform
-1,2,2,163,distributed,1000,847.071206569325,2.0,481.7058601880289,0,Uniform,Uniform
-1,2,2,164,distributed,1000,847.071206569325,2.0,481.70707154670777,0,Uniform,Uniform
-1,2,2,165,distributed,1000,847.071206569325,2.0,481.70707154670777,0,Uniform,Uniform
-1,2,2,166,distributed,1000,847.071206569325,2.0,481.70826315363576,0,Uniform,Uniform
-1,2,2,167,distributed,1000,847.071206569325,2.0,481.70826315363576,0,Uniform,Uniform
-1,2,2,168,distributed,1000,847.071206569325,2.0,481.7094347070345,0,Uniform,Uniform
-1,2,2,169,distributed,1000,847.071206569325,2.0,481.7094347070345,0,Uniform,Uniform
-1,2,2,170,distributed,1000,847.071206569325,2.0,481.71058592658346,0,Uniform,Uniform
-1,2,2,171,distributed,1000,847.071206569325,2.0,481.71058592658346,0,Uniform,Uniform
-1,2,2,172,distributed,1000,847.071206569325,2.0,481.71171655954896,0,Uniform,Uniform
-1,2,2,173,distributed,1000,847.071206569325,2.0,481.71171655954896,0,Uniform,Uniform
-1,2,2,174,distributed,1000,847.071206569325,2.0,481.7128263854119,0,Uniform,Uniform
-1,2,2,175,distributed,1000,847.071206569325,2.0,481.7128263854119,0,Uniform,Uniform
-1,2,2,176,distributed,1000,847.071206569325,2.0,481.71391521919105,0,Uniform,Uniform
-1,2,2,177,distributed,1000,847.071206569325,2.0,481.71391521919105,0,Uniform,Uniform
-1,2,2,178,distributed,1000,847.071206569325,2.0,481.7149829136608,0,Uniform,Uniform
-1,2,2,179,distributed,1000,847.071206569325,2.0,481.7149829136608,0,Uniform,Uniform
-1,2,2,180,distributed,1000,847.071206569325,2.0,481.71602936063346,0,Uniform,Uniform
-1,2,2,181,distributed,1000,847.071206569325,2.0,481.71602936063346,0,Uniform,Uniform
-1,2,2,182,distributed,1000,847.071206569325,2.0,481.7170544914518,0,Uniform,Uniform
-1,2,2,183,distributed,1000,847.071206569325,2.0,481.7170544914518,0,Uniform,Uniform
-1,2,2,184,distributed,1000,847.071206569325,2.0,481.71805827683636,0,Uniform,Uniform
-1,2,2,185,distributed,1000,847.071206569325,2.0,481.71805827683636,0,Uniform,Uniform
-1,2,2,186,distributed,1000,847.071206569325,2.0,481.71904072619697,0,Uniform,Uniform
-1,2,2,187,distributed,1000,847.071206569325,2.0,481.71904072619697,0,Uniform,Uniform
-1,2,2,188,distributed,1000,847.071206569325,2.0,481.72000188651793,0,Uniform,Uniform
-1,2,2,189,distributed,1000,847.071206569325,2.0,481.72000188651793,0,Uniform,Uniform
-1,2,2,190,distributed,1000,847.071206569325,2.0,481.720941840909,0,Uniform,Uniform
-1,2,2,191,distributed,1000,847.071206569325,2.0,481.720941840909,0,Uniform,Uniform
-1,2,2,192,distributed,1000,847.071206569325,2.0,481.72186070689344,0,Uniform,Uniform
-1,2,2,193,distributed,1000,847.071206569325,2.0,481.72186070689344,0,Uniform,Uniform
-1,2,2,194,distributed,1000,847.071206569325,2.0,481.7227586345079,0,Uniform,Uniform
-1,2,2,195,distributed,1000,847.071206569325,2.0,481.7227586345079,0,Uniform,Uniform
-1,2,2,196,distributed,1000,847.071206569325,2.0,481.7236358042678,0,Uniform,Uniform
-1,2,2,197,distributed,1000,847.071206569325,2.0,481.7236358042678,0,Uniform,Uniform
-1,2,2,198,distributed,1000,847.071206569325,2.0,481.7244924250444,0,Uniform,Uniform
-1,2,2,199,distributed,1000,847.071206569325,2.0,481.7244924250444,0,Uniform,Uniform
-1,2,2,200,distributed,1000,847.071206569325,2.0,481.72532873189766,0,Uniform,Uniform
-1,2,2,201,distributed,1000,847.071206569325,2.0,481.72532873189766,0,Uniform,Uniform
-1,2,2,202,distributed,1000,847.071206569325,2.0,481.7261449838987,0,Uniform,Uniform
-1,2,2,203,distributed,1000,847.071206569325,2.0,481.7261449838987,0,Uniform,Uniform
-1,2,2,204,distributed,1000,847.071206569325,2.0,481.7269414619633,0,Uniform,Uniform
-1,2,2,205,distributed,1000,847.071206569325,2.0,481.7269414619633,0,Uniform,Uniform
-1,2,2,206,distributed,1000,847.071206569325,2.0,481.72771846672435,0,Uniform,Uniform
-1,2,2,207,distributed,1000,847.071206569325,2.0,481.72771846672435,0,Uniform,Uniform
-1,2,2,208,distributed,1000,847.071206569325,2.0,481.7284763164596,0,Uniform,Uniform
-1,2,2,209,distributed,1000,847.071206569325,2.0,481.7284763164596,0,Uniform,Uniform
-1,2,2,210,distributed,1000,847.071206569325,2.0,481.72921534508447,0,Uniform,Uniform
-1,2,2,211,distributed,1000,847.071206569325,2.0,481.72921534508447,0,Uniform,Uniform
-1,2,2,212,distributed,1000,847.071206569325,2.0,481.7299359002247,0,Uniform,Uniform
-1,2,2,213,distributed,1000,847.071206569325,2.0,481.7299359002247,0,Uniform,Uniform
-1,2,2,214,distributed,1000,847.071206569325,2.0,481.73063834137315,0,Uniform,Uniform
-1,2,2,215,distributed,1000,847.071206569325,2.0,481.73063834137315,0,Uniform,Uniform
-1,2,2,216,distributed,1000,847.071206569325,2.0,481.7313230381388,0,Uniform,Uniform
-1,2,2,217,distributed,1000,847.071206569325,2.0,481.7313230381388,0,Uniform,Uniform
-1,2,2,218,distributed,1000,847.071206569325,2.0,481.731990368586,0,Uniform,Uniform
-1,2,2,219,distributed,1000,847.071206569325,2.0,481.731990368586,0,Uniform,Uniform
-1,2,2,220,distributed,1000,847.071206569325,2.0,481.7326407176702,0,Uniform,Uniform
-1,2,2,221,distributed,1000,847.071206569325,2.0,481.7326407176702,0,Uniform,Uniform
-1,2,2,222,distributed,1000,847.071206569325,2.0,481.7332744757694,0,Uniform,Uniform
-1,2,2,223,distributed,1000,847.071206569325,2.0,481.7332744757694,0,Uniform,Uniform
-1,2,2,224,distributed,1000,847.071206569325,2.0,481.733892037308,0,Uniform,Uniform
-1,2,2,225,distributed,1000,847.071206569325,2.0,481.733892037308,0,Uniform,Uniform
-1,2,2,226,distributed,1000,847.071206569325,2.0,481.73449379947283,0,Uniform,Uniform
-1,2,2,227,distributed,1000,847.071206569325,2.0,481.73449379947283,0,Uniform,Uniform
-1,2,2,228,distributed,1000,847.071206569325,2.0,481.7350801610218,0,Uniform,Uniform
-1,2,2,229,distributed,1000,847.071206569325,2.0,481.7350801610218,0,Uniform,Uniform
-1,2,2,230,distributed,1000,847.071206569325,2.0,481.7356515211774,0,Uniform,Uniform
-1,2,2,231,distributed,1000,847.071206569325,2.0,481.7356515211774,0,Uniform,Uniform
-1,2,2,232,distributed,1000,847.071206569325,2.0,481.73620827860594,0,Uniform,Uniform
-1,2,2,233,distributed,1000,847.071206569325,2.0,481.73620827860594,0,Uniform,Uniform
-1,2,2,234,distributed,1000,847.071206569325,2.0,481.7367508304773,0,Uniform,Uniform
-1,2,2,235,distributed,1000,847.071206569325,2.0,481.7367508304773,0,Uniform,Uniform
-1,2,2,236,distributed,1000,847.071206569325,2.0,481.7372795716027,0,Uniform,Uniform
-1,2,2,237,distributed,1000,847.071206569325,2.0,481.7372795716027,0,Uniform,Uniform
-1,2,2,238,distributed,1000,847.071206569325,2.0,481.73779489364586,0,Uniform,Uniform
-1,2,2,239,distributed,1000,847.071206569325,2.0,481.73779489364586,0,Uniform,Uniform
-1,2,2,240,distributed,1000,847.071206569325,2.0,481.73829718440606,0,Uniform,Uniform
-1,2,2,241,distributed,1000,847.071206569325,2.0,481.73829718440606,0,Uniform,Uniform
-1,2,2,242,distributed,1000,847.071206569325,2.0,481.73878682716827,0,Uniform,Uniform
-1,2,2,243,distributed,1000,847.071206569325,2.0,481.73878682716827,0,Uniform,Uniform
-1,2,2,244,distributed,1000,847.071206569325,2.0,481.7392642001148,0,Uniform,Uniform
-1,2,2,245,distributed,1000,847.071206569325,2.0,481.7392642001148,0,Uniform,Uniform
-1,2,2,246,distributed,1000,847.071206569325,2.0,481.7397296758,0,Uniform,Uniform
-1,2,2,247,distributed,1000,847.071206569325,2.0,481.7397296758,0,Uniform,Uniform
-1,2,2,248,distributed,1000,847.071206569325,2.0,481.7401836206811,0,Uniform,Uniform
-1,2,2,249,distributed,1000,847.071206569325,2.0,481.7401836206811,0,Uniform,Uniform
-1,2,2,250,distributed,1000,847.071206569325,2.0,481.7406263947025,0,Uniform,Uniform
-1,2,2,251,distributed,1000,847.071206569325,2.0,481.7406263947025,0,Uniform,Uniform
-1,2,2,252,distributed,1000,847.071206569325,2.0,481.7410583509307,0,Uniform,Uniform
-1,2,2,253,distributed,1000,847.071206569325,2.0,481.7410583509307,0,Uniform,Uniform
-1,2,2,254,distributed,1000,847.071206569325,2.0,481.74147983523886,0,Uniform,Uniform
-1,2,2,255,distributed,1000,847.071206569325,2.0,481.74147983523886,0,Uniform,Uniform
-1,2,2,256,distributed,1000,847.071206569325,2.0,481.7418911860334,0,Uniform,Uniform
-1,2,2,257,distributed,1000,847.071206569325,2.0,481.7418911860334,0,Uniform,Uniform
-1,2,2,258,distributed,1000,847.071206569325,2.0,481.7422927340257,0,Uniform,Uniform
-1,2,2,259,distributed,1000,847.071206569325,2.0,481.7422927340257,0,Uniform,Uniform
-1,2,2,260,distributed,1000,847.071206569325,2.0,481.74268480204154,0,Uniform,Uniform
-1,2,2,261,distributed,1000,847.071206569325,2.0,481.74268480204154,0,Uniform,Uniform
-1,2,2,262,distributed,1000,847.071206569325,2.0,481.743067704868,0,Uniform,Uniform
-1,2,2,263,distributed,1000,847.071206569325,2.0,481.743067704868,0,Uniform,Uniform
-1,2,2,264,distributed,1000,847.071206569325,2.0,481.74344174913546,0,Uniform,Uniform
-1,2,2,265,distributed,1000,847.071206569325,2.0,481.74344174913546,0,Uniform,Uniform
-1,2,2,266,distributed,1000,847.071206569325,2.0,481.7438072332309,0,Uniform,Uniform
-1,2,2,267,distributed,1000,847.071206569325,2.0,481.7438072332309,0,Uniform,Uniform
-1,2,2,268,distributed,1000,847.071206569325,2.0,481.7441644472416,0,Uniform,Uniform
-1,2,2,269,distributed,1000,847.071206569325,2.0,481.7441644472416,0,Uniform,Uniform
-1,2,2,270,distributed,1000,847.071206569325,2.0,481.74451367292625,0,Uniform,Uniform
-1,2,2,271,distributed,1000,847.071206569325,2.0,481.74451367292625,0,Uniform,Uniform
-1,2,2,272,distributed,1000,847.071206569325,2.0,481.7448551837126,0,Uniform,Uniform
-1,2,2,273,distributed,1000,847.071206569325,2.0,481.7448551837126,0,Uniform,Uniform
-1,2,2,274,distributed,1000,847.071206569325,2.0,481.74518924471676,0,Uniform,Uniform
-1,2,2,275,distributed,1000,847.071206569325,2.0,481.74518924471676,0,Uniform,Uniform
-1,2,2,276,distributed,1000,847.071206569325,2.0,481.74551611278656,0,Uniform,Uniform
-1,2,2,277,distributed,1000,847.071206569325,2.0,481.74551611278656,0,Uniform,Uniform
-1,2,2,278,distributed,1000,847.071206569325,2.0,481.74583603656254,0,Uniform,Uniform
-1,2,2,279,distributed,1000,847.071206569325,2.0,481.74583603656254,0,Uniform,Uniform
-1,2,2,280,distributed,1000,847.071206569325,2.0,481.7461492565582,0,Uniform,Uniform
-1,2,2,281,distributed,1000,847.071206569325,2.0,481.7461492565582,0,Uniform,Uniform
-1,2,2,282,distributed,1000,847.071206569325,2.0,481.7464560052559,0,Uniform,Uniform
-1,2,2,283,distributed,1000,847.071206569325,2.0,481.7464560052559,0,Uniform,Uniform
-1,2,2,284,distributed,1000,847.071206569325,2.0,481.74675650721844,0,Uniform,Uniform
-1,2,2,285,distributed,1000,847.071206569325,2.0,481.74675650721844,0,Uniform,Uniform
-1,2,2,286,distributed,1000,847.071206569325,2.0,481.7470509792118,0,Uniform,Uniform
-1,2,2,287,distributed,1000,847.071206569325,2.0,481.7470509792118,0,Uniform,Uniform
-1,2,2,288,distributed,1000,847.071206569325,2.0,481.7473396303422,0,Uniform,Uniform
-1,2,2,289,distributed,1000,847.071206569325,2.0,481.7473396303422,0,Uniform,Uniform
-1,2,2,290,distributed,1000,847.071206569325,2.0,481.74762266220046,0,Uniform,Uniform
-1,2,2,291,distributed,1000,847.071206569325,2.0,481.74762266220046,0,Uniform,Uniform
-1,2,2,292,distributed,1000,847.071206569325,2.0,481.74790026901815,0,Uniform,Uniform
-1,2,2,293,distributed,1000,847.071206569325,2.0,481.74790026901815,0,Uniform,Uniform
-1,2,2,294,distributed,1000,847.071206569325,2.0,481.748172637829,0,Uniform,Uniform
-1,2,2,295,distributed,1000,847.071206569325,2.0,481.748172637829,0,Uniform,Uniform
-1,2,2,296,distributed,1000,847.071206569325,2.0,481.74843994863727,0,Uniform,Uniform
-1,2,2,297,distributed,1000,847.071206569325,2.0,481.74843994863727,0,Uniform,Uniform
-1,2,2,298,distributed,1000,847.071206569325,2.0,481.7487023745947,0,Uniform,Uniform
-1,2,2,299,distributed,1000,847.071206569325,2.0,481.7487023745947,0,Uniform,Uniform
-1,2,2,300,distributed,1000,847.071206569325,2.0,481.74896008217576,0,Uniform,Uniform
-1,2,2,301,distributed,1000,847.071206569325,2.0,481.74896008217576,0,Uniform,Uniform
-1,2,2,302,distributed,1000,847.071206569325,2.0,481.7492132313619,0,Uniform,Uniform
-1,2,2,303,distributed,1000,847.071206569325,2.0,481.7492132313619,0,Uniform,Uniform
-1,2,2,304,distributed,1000,847.071206569325,2.0,481.74946197582597,0,Uniform,Uniform
-1,2,2,305,distributed,1000,847.071206569325,2.0,481.74946197582597,0,Uniform,Uniform
-1,2,2,306,distributed,1000,847.071206569325,2.0,481.74970646311687,0,Uniform,Uniform
-1,2,2,307,distributed,1000,847.071206569325,2.0,481.74970646311687,0,Uniform,Uniform
-1,2,2,308,distributed,1000,847.071206569325,2.0,481.7499468348491,0,Uniform,Uniform
-1,2,2,309,distributed,1000,847.071206569325,2.0,481.7499468348491,0,Uniform,Uniform
-1,2,2,310,distributed,1000,847.071206569325,2.0,481.7501832268881,0,Uniform,Uniform
-1,2,2,311,distributed,1000,847.071206569325,2.0,481.7501832268881,0,Uniform,Uniform
-1,2,2,312,distributed,1000,847.071206569325,2.0,481.7504157695377,0,Uniform,Uniform
-1,2,2,313,distributed,1000,847.071206569325,2.0,481.7504157695377,0,Uniform,Uniform
-1,2,2,314,distributed,1000,847.071206569325,2.0,481.7506445877267,0,Uniform,Uniform
-1,2,2,315,distributed,1000,847.071206569325,2.0,481.7506445877267,0,Uniform,Uniform
-1,2,2,316,distributed,1000,847.071206569325,2.0,481.75086980119306,0,Uniform,Uniform
-1,2,2,317,distributed,1000,847.071206569325,2.0,481.75086980119306,0,Uniform,Uniform
-1,2,2,318,distributed,1000,847.071206569325,2.0,481.75109152466547,0,Uniform,Uniform
-1,2,2,319,distributed,1000,847.071206569325,2.0,481.75109152466547,0,Uniform,Uniform
-1,2,2,320,distributed,1000,847.071206569325,2.0,481.75130986804436,0,Uniform,Uniform
-1,2,2,321,distributed,1000,847.071206569325,2.0,481.75130986804436,0,Uniform,Uniform
-1,2,2,322,distributed,1000,847.071206569325,2.0,481.7515249365783,0,Uniform,Uniform
-1,2,2,323,distributed,1000,847.071206569325,2.0,481.7515249365783,0,Uniform,Uniform
-1,2,2,324,distributed,1000,847.071206569325,2.0,481.7517368310388,0,Uniform,Uniform
-1,2,2,325,distributed,1000,847.071206569325,2.0,481.7517368310388,0,Uniform,Uniform
-1,2,2,326,distributed,1000,847.071206569325,2.0,481.75194564789,0,Uniform,Uniform
-1,2,2,327,distributed,1000,847.071206569325,2.0,481.75194564789,0,Uniform,Uniform
-1,2,2,328,distributed,1000,847.071206569325,2.0,481.75215147945704,0,Uniform,Uniform
-1,2,2,329,distributed,1000,847.071206569325,2.0,481.75215147945704,0,Uniform,Uniform
-1,2,2,330,distributed,1000,847.071206569325,2.0,481.75235441408785,0,Uniform,Uniform
-1,2,2,331,distributed,1000,847.071206569325,2.0,481.75235441408785,0,Uniform,Uniform
-1,2,2,332,distributed,1000,847.071206569325,2.0,481.7525545363129,0,Uniform,Uniform
-1,2,2,333,distributed,1000,847.071206569325,2.0,481.7525545363129,0,Uniform,Uniform
-1,2,2,334,distributed,1000,847.071206569325,2.0,481.7527519270002,0,Uniform,Uniform
-1,2,2,335,distributed,1000,847.071206569325,2.0,481.7527519270002,0,Uniform,Uniform
-1,2,2,336,distributed,1000,847.071206569325,2.0,481.75294666350555,0,Uniform,Uniform
-1,2,2,337,distributed,1000,847.071206569325,2.0,481.75294666350555,0,Uniform,Uniform
-1,2,2,338,distributed,1000,847.071206569325,2.0,481.75313881981964,0,Uniform,Uniform
-1,2,2,339,distributed,1000,847.071206569325,2.0,481.75313881981964,0,Uniform,Uniform
-1,2,2,340,distributed,1000,847.071206569325,2.0,481.75332846670904,0,Uniform,Uniform
-1,2,2,341,distributed,1000,847.071206569325,2.0,481.75332846670904,0,Uniform,Uniform
-1,2,2,342,distributed,1000,847.071206569325,2.0,481.75351567185425,0,Uniform,Uniform
-1,2,2,343,distributed,1000,847.071206569325,2.0,481.75351567185425,0,Uniform,Uniform
-1,2,2,344,distributed,1000,847.071206569325,2.0,481.7537004999818,0,Uniform,Uniform
-1,2,2,345,distributed,1000,847.071206569325,2.0,481.7537004999818,0,Uniform,Uniform
-1,2,2,346,distributed,1000,847.071206569325,2.0,481.75388301299427,0,Uniform,Uniform
-1,2,2,347,distributed,1000,847.071206569325,2.0,481.75388301299427,0,Uniform,Uniform
-1,2,2,348,distributed,1000,847.071206569325,2.0,481.7540632700923,0,Uniform,Uniform
-1,2,2,349,distributed,1000,847.071206569325,2.0,481.7540632700923,0,Uniform,Uniform
-1,2,2,350,distributed,1000,847.071206569325,2.0,481.754241327896,0,Uniform,Uniform
-1,2,2,351,distributed,1000,847.071206569325,2.0,481.754241327896,0,Uniform,Uniform
-1,2,2,352,distributed,1000,847.071206569325,2.0,481.7544172405593,0,Uniform,Uniform
-1,2,2,353,distributed,1000,847.071206569325,2.0,481.7544172405593,0,Uniform,Uniform
-1,2,2,354,distributed,1000,847.071206569325,2.0,481.7545910598806,0,Uniform,Uniform
-1,2,2,355,distributed,1000,847.071206569325,2.0,481.7545910598806,0,Uniform,Uniform
-1,2,2,356,distributed,1000,847.071206569325,2.0,481.7547628354103,0,Uniform,Uniform
-1,2,2,357,distributed,1000,847.071206569325,2.0,481.7547628354103,0,Uniform,Uniform
-1,2,2,358,distributed,1000,847.071206569325,2.0,481.75493261455296,0,Uniform,Uniform
-1,2,2,359,distributed,1000,847.071206569325,2.0,481.75493261455296,0,Uniform,Uniform
-1,2,2,360,distributed,1000,847.071206569325,2.0,481.75510044266514,0,Uniform,Uniform
-1,2,2,361,distributed,1000,847.071206569325,2.0,481.75510044266514,0,Uniform,Uniform
-1,2,2,362,distributed,1000,847.071206569325,2.0,481.755266363151,0,Uniform,Uniform
-1,2,2,363,distributed,1000,847.071206569325,2.0,481.755266363151,0,Uniform,Uniform
-1,2,2,364,distributed,1000,847.071206569325,2.0,481.7554304175526,0,Uniform,Uniform
-1,2,2,365,distributed,1000,847.071206569325,2.0,481.7554304175526,0,Uniform,Uniform
-1,2,2,366,distributed,1000,847.071206569325,2.0,481.75559264563526,0,Uniform,Uniform
-1,2,2,367,distributed,1000,847.071206569325,2.0,481.75559264563526,0,Uniform,Uniform
-1,2,2,368,distributed,1000,847.071206569325,2.0,481.75575308547303,0,Uniform,Uniform
-1,2,2,369,distributed,1000,847.071206569325,2.0,481.75575308547303,0,Uniform,Uniform
-1,2,2,370,distributed,1000,847.071206569325,2.0,481.75591177352675,0,Uniform,Uniform
-1,2,2,371,distributed,1000,847.071206569325,2.0,481.75591177352675,0,Uniform,Uniform
-1,2,2,372,distributed,1000,847.071206569325,2.0,481.7560687447204,0,Uniform,Uniform
-1,2,2,373,distributed,1000,847.071206569325,2.0,481.7560687447204,0,Uniform,Uniform
-1,2,2,374,distributed,1000,847.071206569325,2.0,481.7562240325143,0,Uniform,Uniform
-1,2,2,375,distributed,1000,847.071206569325,2.0,481.7562240325143,0,Uniform,Uniform
-1,2,2,376,distributed,1000,847.071206569325,2.0,481.75637766897404,0,Uniform,Uniform
-1,2,2,377,distributed,1000,847.071206569325,2.0,481.75637766897404,0,Uniform,Uniform
-1,2,2,378,distributed,1000,847.071206569325,2.0,481.75652968483723,0,Uniform,Uniform
-1,2,2,379,distributed,1000,847.071206569325,2.0,481.75652968483723,0,Uniform,Uniform
-1,2,2,380,distributed,1000,847.071206569325,2.0,481.75668010957685,0,Uniform,Uniform
-1,2,2,381,distributed,1000,847.071206569325,2.0,481.75668010957685,0,Uniform,Uniform
-1,2,2,382,distributed,1000,847.071206569325,2.0,481.7568289714615,0,Uniform,Uniform
-1,2,2,383,distributed,1000,847.071206569325,2.0,481.7568289714615,0,Uniform,Uniform
-1,2,2,384,distributed,1000,847.071206569325,2.0,481.7569762976141,0,Uniform,Uniform
-1,2,2,385,distributed,1000,847.071206569325,2.0,481.7569762976141,0,Uniform,Uniform
-1,2,2,386,distributed,1000,847.071206569325,2.0,481.7571221140646,0,Uniform,Uniform
-1,2,2,387,distributed,1000,847.071206569325,2.0,481.7571221140646,0,Uniform,Uniform
-1,2,2,388,distributed,1000,847.071206569325,2.0,481.75726644580516,0,Uniform,Uniform
-1,2,2,389,distributed,1000,847.071206569325,2.0,481.75726644580516,0,Uniform,Uniform
-1,2,2,390,distributed,1000,847.071206569325,2.0,481.7574093168382,0,Uniform,Uniform
-1,2,2,391,distributed,1000,847.071206569325,2.0,481.7574093168382,0,Uniform,Uniform
-1,2,2,392,distributed,1000,847.071206569325,2.0,481.7575507502248,0,Uniform,Uniform
-1,2,2,393,distributed,1000,847.071206569325,2.0,481.7575507502248,0,Uniform,Uniform
-1,2,2,394,distributed,1000,847.071206569325,2.0,481.7576907681292,0,Uniform,Uniform
-1,2,2,395,distributed,1000,847.071206569325,2.0,481.7576907681292,0,Uniform,Uniform
-1,2,2,396,distributed,1000,847.071206569325,2.0,481.75782939186286,0,Uniform,Uniform
-1,2,2,397,distributed,1000,847.071206569325,2.0,481.75782939186286,0,Uniform,Uniform
-1,2,2,398,distributed,1000,847.071206569325,2.0,481.75796664192427,0,Uniform,Uniform
-1,2,2,399,distributed,1000,847.071206569325,2.0,481.75796664192427,0,Uniform,Uniform
-1,2,2,400,distributed,1000,847.071206569325,2.0,481.7581025380397,0,Uniform,Uniform
-1,2,2,401,distributed,1000,847.071206569325,2.0,481.7581025380397,0,Uniform,Uniform
-1,2,2,402,distributed,1000,847.071206569325,2.0,481.7582370991986,0,Uniform,Uniform
-1,2,2,403,distributed,1000,847.071206569325,2.0,481.7582370991986,0,Uniform,Uniform
-1,2,2,404,distributed,1000,847.071206569325,2.0,481.758370343689,0,Uniform,Uniform
-1,2,2,405,distributed,1000,847.071206569325,2.0,481.758370343689,0,Uniform,Uniform
-1,2,2,406,distributed,1000,847.071206569325,2.0,481.7585022891323,0,Uniform,Uniform
-1,2,2,407,distributed,1000,847.071206569325,2.0,481.7585022891323,0,Uniform,Uniform
-1,2,2,408,distributed,1000,847.071206569325,2.0,481.7586329525139,0,Uniform,Uniform
-1,2,2,409,distributed,1000,847.071206569325,2.0,481.7586329525139,0,Uniform,Uniform
-1,2,2,410,distributed,1000,847.071206569325,2.0,481.7587623502137,0,Uniform,Uniform
-1,2,2,411,distributed,1000,847.071206569325,2.0,481.7587623502137,0,Uniform,Uniform
-1,2,2,412,distributed,1000,847.071206569325,2.0,481.7588904980356,0,Uniform,Uniform
-1,2,2,413,distributed,1000,847.071206569325,2.0,481.7588904980356,0,Uniform,Uniform
-1,2,2,414,distributed,1000,847.071206569325,2.0,481.75901741123346,0,Uniform,Uniform
-1,2,2,415,distributed,1000,847.071206569325,2.0,481.75901741123346,0,Uniform,Uniform
-1,2,2,416,distributed,1000,847.071206569325,2.0,481.759143104538,0,Uniform,Uniform
-1,2,2,417,distributed,1000,847.071206569325,2.0,481.759143104538,0,Uniform,Uniform
-1,2,2,418,distributed,1000,847.071206569325,2.0,481.7592675921815,0,Uniform,Uniform
-1,2,2,419,distributed,1000,847.071206569325,2.0,481.7592675921815,0,Uniform,Uniform
-1,2,2,420,distributed,1000,847.071206569325,2.0,481.7593908879205,0,Uniform,Uniform
-1,2,2,421,distributed,1000,847.071206569325,2.0,481.7593908879205,0,Uniform,Uniform
-1,2,2,422,distributed,1000,847.071206569325,2.0,481.75951300505835,0,Uniform,Uniform
-1,2,2,423,distributed,1000,847.071206569325,2.0,481.75951300505835,0,Uniform,Uniform
-1,2,2,424,distributed,1000,847.071206569325,2.0,481.7596339564663,0,Uniform,Uniform
-1,2,2,425,distributed,1000,847.071206569325,2.0,481.7596339564663,0,Uniform,Uniform
-1,2,2,426,distributed,1000,847.071206569325,2.0,481.7597537546036,0,Uniform,Uniform
-1,2,2,427,distributed,1000,847.071206569325,2.0,481.7597537546036,0,Uniform,Uniform
-1,2,2,428,distributed,1000,847.071206569325,2.0,481.75987241153604,0,Uniform,Uniform
-1,2,2,429,distributed,1000,847.071206569325,2.0,481.75987241153604,0,Uniform,Uniform
-1,2,2,430,distributed,1000,847.071206569325,2.0,481.7599899389547,0,Uniform,Uniform
-1,2,2,431,distributed,1000,847.071206569325,2.0,481.7599899389547,0,Uniform,Uniform
-1,2,2,432,distributed,1000,847.071206569325,2.0,481.76010634819244,0,Uniform,Uniform
-1,2,2,433,distributed,1000,847.071206569325,2.0,481.76010634819244,0,Uniform,Uniform
-1,2,2,434,distributed,1000,847.071206569325,2.0,481.76022165024,0,Uniform,Uniform
-1,2,2,435,distributed,1000,847.071206569325,2.0,481.76022165024,0,Uniform,Uniform
-1,2,2,436,distributed,1000,847.071206569325,2.0,481.76033585576175,0,Uniform,Uniform
-1,2,2,437,distributed,1000,847.071206569325,2.0,481.76033585576175,0,Uniform,Uniform
-1,2,2,438,distributed,1000,847.071206569325,2.0,481.76044897511053,0,Uniform,Uniform
-1,2,2,439,distributed,1000,847.071206569325,2.0,481.76044897511053,0,Uniform,Uniform
-1,2,2,440,distributed,1000,847.071206569325,2.0,481.7605610183415,0,Uniform,Uniform
-1,2,2,441,distributed,1000,847.071206569325,2.0,481.7605610183415,0,Uniform,Uniform
-1,2,2,442,distributed,1000,847.071206569325,2.0,481.7606719952242,0,Uniform,Uniform
-1,2,2,443,distributed,1000,847.071206569325,2.0,481.7606719952242,0,Uniform,Uniform
-1,2,2,444,distributed,1000,847.071206569325,2.0,481.76078191525687,0,Uniform,Uniform
-1,2,2,445,distributed,1000,847.071206569325,2.0,481.76078191525687,0,Uniform,Uniform
-1,2,2,446,distributed,1000,847.071206569325,2.0,481.7608907876768,0,Uniform,Uniform
-1,2,2,447,distributed,1000,847.071206569325,2.0,481.7608907876768,0,Uniform,Uniform
-1,2,2,448,distributed,1000,847.071206569325,2.0,481.76099862147277,0,Uniform,Uniform
-1,2,2,449,distributed,1000,847.071206569325,2.0,481.76099862147277,0,Uniform,Uniform
-1,2,2,450,distributed,1000,847.071206569325,2.0,481.761105425395,0,Uniform,Uniform
-1,2,2,451,distributed,1000,847.071206569325,2.0,481.761105425395,0,Uniform,Uniform
-1,2,2,452,distributed,1000,847.071206569325,2.0,481.7612112079652,0,Uniform,Uniform
-1,2,2,453,distributed,1000,847.071206569325,2.0,481.7612112079652,0,Uniform,Uniform
-1,2,2,454,distributed,1000,847.071206569325,2.0,481.761315977487,0,Uniform,Uniform
-1,2,2,455,distributed,1000,847.071206569325,2.0,481.761315977487,0,Uniform,Uniform
-1,2,2,456,distributed,1000,847.071206569325,2.0,481.76141974205524,0,Uniform,Uniform
-1,2,2,457,distributed,1000,847.071206569325,2.0,481.76141974205524,0,Uniform,Uniform
-1,2,2,458,distributed,1000,847.071206569325,2.0,481.76152250956335,0,Uniform,Uniform
-1,2,2,459,distributed,1000,847.071206569325,2.0,481.76152250956335,0,Uniform,Uniform
-1,2,2,460,distributed,1000,847.071206569325,2.0,481.7616242877135,0,Uniform,Uniform
-1,2,2,461,distributed,1000,847.071206569325,2.0,481.7616242877135,0,Uniform,Uniform
-1,2,2,462,distributed,1000,847.071206569325,2.0,481.7617250840236,0,Uniform,Uniform
-1,2,2,463,distributed,1000,847.071206569325,2.0,481.7617250840236,0,Uniform,Uniform
-1,2,2,464,distributed,1000,847.071206569325,2.0,481.7618249058337,0,Uniform,Uniform
-1,2,2,465,distributed,1000,847.071206569325,2.0,481.7618249058337,0,Uniform,Uniform
-1,2,2,466,distributed,1000,847.071206569325,2.0,481.76192376031673,0,Uniform,Uniform
-1,2,2,467,distributed,1000,847.071206569325,2.0,481.76192376031673,0,Uniform,Uniform
-1,2,2,468,distributed,1000,847.071206569325,2.0,481.7620216544808,0,Uniform,Uniform
-1,2,2,469,distributed,1000,847.071206569325,2.0,481.7620216544808,0,Uniform,Uniform
-1,2,2,470,distributed,1000,847.071206569325,2.0,481.7621185951794,0,Uniform,Uniform
-1,2,2,471,distributed,1000,847.071206569325,2.0,481.7621185951794,0,Uniform,Uniform
-1,2,2,472,distributed,1000,847.071206569325,2.0,481.7622145891162,0,Uniform,Uniform
-1,2,2,473,distributed,1000,847.071206569325,2.0,481.7622145891162,0,Uniform,Uniform
-1,2,2,474,distributed,1000,847.071206569325,2.0,481.76230964285054,0,Uniform,Uniform
-1,2,2,475,distributed,1000,847.071206569325,2.0,481.76230964285054,0,Uniform,Uniform
-1,2,2,476,distributed,1000,847.071206569325,2.0,481.76240376280407,0,Uniform,Uniform
-1,2,2,477,distributed,1000,847.071206569325,2.0,481.76240376280407,0,Uniform,Uniform
-1,2,2,478,distributed,1000,847.071206569325,2.0,481.762496955266,0,Uniform,Uniform
-1,2,2,479,distributed,1000,847.071206569325,2.0,481.762496955266,0,Uniform,Uniform
-1,2,2,480,distributed,1000,847.071206569325,2.0,481.7625892263981,0,Uniform,Uniform
-1,2,2,481,distributed,1000,847.071206569325,2.0,481.7625892263981,0,Uniform,Uniform
-1,2,2,482,distributed,1000,847.071206569325,2.0,481.7626805822397,0,Uniform,Uniform
-1,2,2,483,distributed,1000,847.071206569325,2.0,481.7626805822397,0,Uniform,Uniform
-1,2,2,484,distributed,1000,847.071206569325,2.0,481.7627710287127,0,Uniform,Uniform
-1,2,2,485,distributed,1000,847.071206569325,2.0,481.7627710287127,0,Uniform,Uniform
-1,2,2,486,distributed,1000,847.071206569325,2.0,481.7628605716263,0,Uniform,Uniform
-1,2,2,487,distributed,1000,847.071206569325,2.0,481.7628605716263,0,Uniform,Uniform
-1,2,2,488,distributed,1000,847.071206569325,2.0,481.76294921668085,0,Uniform,Uniform
-1,2,2,489,distributed,1000,847.071206569325,2.0,481.76294921668085,0,Uniform,Uniform
-1,2,2,490,distributed,1000,847.071206569325,2.0,481.7630369694731,0,Uniform,Uniform
-1,2,2,491,distributed,1000,847.071206569325,2.0,481.7630369694731,0,Uniform,Uniform
-1,2,2,492,distributed,1000,847.071206569325,2.0,481.7631238354992,0,Uniform,Uniform
-1,2,2,493,distributed,1000,847.071206569325,2.0,481.7631238354992,0,Uniform,Uniform
-1,2,2,494,distributed,1000,847.071206569325,2.0,481.7632098201598,0,Uniform,Uniform
-1,2,2,495,distributed,1000,847.071206569325,2.0,481.7632098201598,0,Uniform,Uniform
-1,2,2,496,distributed,1000,847.071206569325,2.0,481.7632949287625,0,Uniform,Uniform
-1,2,2,497,distributed,1000,847.071206569325,2.0,481.7632949287625,0,Uniform,Uniform
-1,2,2,498,distributed,1000,847.071206569325,2.0,481.7633791665269,0,Uniform,Uniform
-1,2,2,499,distributed,1000,847.071206569325,2.0,481.7633791665269,0,Uniform,Uniform
-1,2,2,500,distributed,1000,847.071206569325,2.0,481.76346253858753,0,Uniform,Uniform
-1,2,2,501,distributed,1000,847.071206569325,2.0,481.76346253858753,0,Uniform,Uniform
-1,2,2,502,distributed,1000,847.071206569325,2.0,481.7635450499975,0,Uniform,Uniform
-1,2,2,503,distributed,1000,847.071206569325,2.0,481.7635450499975,0,Uniform,Uniform
-1,2,2,504,distributed,1000,847.071206569325,2.0,481.7636267057314,0,Uniform,Uniform
-1,2,2,505,distributed,1000,847.071206569325,2.0,481.7636267057314,0,Uniform,Uniform
-1,2,2,506,distributed,1000,847.071206569325,2.0,481.76370751068913,0,Uniform,Uniform
-1,2,2,507,distributed,1000,847.071206569325,2.0,481.76370751068913,0,Uniform,Uniform
-1,2,2,508,distributed,1000,847.071206569325,2.0,481.76378746969897,0,Uniform,Uniform
-1,2,2,509,distributed,1000,847.071206569325,2.0,481.76378746969897,0,Uniform,Uniform
-1,2,2,510,distributed,1000,847.071206569325,2.0,481.7638665875202,0,Uniform,Uniform
-1,2,2,511,distributed,1000,847.071206569325,2.0,481.7638665875202,0,Uniform,Uniform
-1,2,2,512,distributed,1000,847.071206569325,2.0,481.76394486884715,0,Uniform,Uniform
-1,2,2,513,distributed,1000,847.071206569325,2.0,481.76394486884715,0,Uniform,Uniform
-1,2,2,514,distributed,1000,847.071206569325,2.0,481.76402231831054,0,Uniform,Uniform
-1,2,2,515,distributed,1000,847.071206569325,2.0,481.76402231831054,0,Uniform,Uniform
-1,2,2,516,distributed,1000,847.071206569325,2.0,481.7640989404818,0,Uniform,Uniform
-1,2,2,517,distributed,1000,847.071206569325,2.0,481.7640989404818,0,Uniform,Uniform
-1,2,2,518,distributed,1000,847.071206569325,2.0,481.7641747398751,0,Uniform,Uniform
-1,2,2,519,distributed,1000,847.071206569325,2.0,481.7641747398751,0,Uniform,Uniform
-1,2,2,520,distributed,1000,847.071206569325,2.0,481.7642497209505,0,Uniform,Uniform
-1,2,2,521,distributed,1000,847.071206569325,2.0,481.7642497209505,0,Uniform,Uniform
-1,2,2,522,distributed,1000,847.071206569325,2.0,481.7643238881161,0,Uniform,Uniform
-1,2,2,523,distributed,1000,847.071206569325,2.0,481.7643238881161,0,Uniform,Uniform
-1,2,2,524,distributed,1000,847.071206569325,2.0,481.7643972457312,0,Uniform,Uniform
-1,2,2,525,distributed,1000,847.071206569325,2.0,481.7643972457312,0,Uniform,Uniform
-1,2,2,526,distributed,1000,847.071206569325,2.0,481.7644697981083,0,Uniform,Uniform
-1,2,2,527,distributed,1000,847.071206569325,2.0,481.7644697981083,0,Uniform,Uniform
-1,2,2,528,distributed,1000,847.071206569325,2.0,481.76454154951637,0,Uniform,Uniform
-1,2,2,529,distributed,1000,847.071206569325,2.0,481.76454154951637,0,Uniform,Uniform
-1,2,2,530,distributed,1000,847.071206569325,2.0,481.76461250418294,0,Uniform,Uniform
-1,2,2,531,distributed,1000,847.071206569325,2.0,481.76461250418294,0,Uniform,Uniform
-1,2,2,532,distributed,1000,847.071206569325,2.0,481.764682666296,0,Uniform,Uniform
-1,2,2,533,distributed,1000,847.071206569325,2.0,481.764682666296,0,Uniform,Uniform
-1,2,2,534,distributed,1000,847.071206569325,2.0,481.7647520400076,0,Uniform,Uniform
-1,2,2,535,distributed,1000,847.071206569325,2.0,481.7647520400076,0,Uniform,Uniform
-1,2,2,536,distributed,1000,847.071206569325,2.0,481.7648206294346,0,Uniform,Uniform
-1,2,2,537,distributed,1000,847.071206569325,2.0,481.7648206294346,0,Uniform,Uniform
-1,2,2,538,distributed,1000,847.071206569325,2.0,481.7648884386628,0,Uniform,Uniform
-1,2,2,539,distributed,1000,847.071206569325,2.0,481.7648884386628,0,Uniform,Uniform
-1,2,2,540,distributed,1000,847.071206569325,2.0,481.7649554717479,0,Uniform,Uniform
-1,2,2,541,distributed,1000,847.071206569325,2.0,481.7649554717479,0,Uniform,Uniform
-1,2,2,542,distributed,1000,847.071206569325,2.0,481.7650217327181,0,Uniform,Uniform
-1,2,2,543,distributed,1000,847.071206569325,2.0,481.7650217327181,0,Uniform,Uniform
-1,2,2,544,distributed,1000,847.071206569325,2.0,481.7650872255766,0,Uniform,Uniform
-1,2,2,545,distributed,1000,847.071206569325,2.0,481.7650872255766,0,Uniform,Uniform
-1,2,2,546,distributed,1000,847.071206569325,2.0,481.76515195430375,0,Uniform,Uniform
-1,2,2,547,distributed,1000,847.071206569325,2.0,481.76515195430375,0,Uniform,Uniform
-1,2,2,548,distributed,1000,847.071206569325,2.0,481.765215922858,0,Uniform,Uniform
-1,2,2,549,distributed,1000,847.071206569325,2.0,481.765215922858,0,Uniform,Uniform
-1,2,2,550,distributed,1000,847.071206569325,2.0,481.76527913518004,0,Uniform,Uniform
-1,2,2,551,distributed,1000,847.071206569325,2.0,481.76527913518004,0,Uniform,Uniform
-1,2,2,552,distributed,1000,847.071206569325,2.0,481.76534159519383,0,Uniform,Uniform
-1,2,2,553,distributed,1000,847.071206569325,2.0,481.76534159519383,0,Uniform,Uniform
-1,2,2,554,distributed,1000,847.071206569325,2.0,481.76540330680814,0,Uniform,Uniform
-1,2,2,555,distributed,1000,847.071206569325,2.0,481.76540330680814,0,Uniform,Uniform
-1,2,2,556,distributed,1000,847.071206569325,2.0,481.76546427391935,0,Uniform,Uniform
-1,2,2,557,distributed,1000,847.071206569325,2.0,481.76546427391935,0,Uniform,Uniform
-1,2,2,558,distributed,1000,847.071206569325,2.0,481.7655245004132,0,Uniform,Uniform
-1,2,2,559,distributed,1000,847.071206569325,2.0,481.7655245004132,0,Uniform,Uniform
-1,2,2,560,distributed,1000,847.071206569325,2.0,481.76558399016704,0,Uniform,Uniform
-1,2,2,561,distributed,1000,847.071206569325,2.0,481.76558399016704,0,Uniform,Uniform
-1,2,2,562,distributed,1000,847.071206569325,2.0,481.7656427470507,0,Uniform,Uniform
-1,2,2,563,distributed,1000,847.071206569325,2.0,481.7656427470507,0,Uniform,Uniform
-1,2,2,564,distributed,1000,847.071206569325,2.0,481.76570077492994,0,Uniform,Uniform
-1,2,2,565,distributed,1000,847.071206569325,2.0,481.76570077492994,0,Uniform,Uniform
-1,2,2,566,distributed,1000,847.071206569325,2.0,481.76575807766676,0,Uniform,Uniform
-1,2,2,567,distributed,1000,847.071206569325,2.0,481.76575807766676,0,Uniform,Uniform
-1,2,2,568,distributed,1000,847.071206569325,2.0,481.7658146591228,0,Uniform,Uniform
-1,2,2,569,distributed,1000,847.071206569325,2.0,481.7658146591228,0,Uniform,Uniform
-1,2,2,570,distributed,1000,847.071206569325,2.0,481.7658705231591,0,Uniform,Uniform
-1,2,2,571,distributed,1000,847.071206569325,2.0,481.7658705231591,0,Uniform,Uniform
-1,2,2,572,distributed,1000,847.071206569325,2.0,481.7659256736401,0,Uniform,Uniform
-1,2,2,573,distributed,1000,847.071206569325,2.0,481.7659256736401,0,Uniform,Uniform
-1,2,2,574,distributed,1000,847.071206569325,2.0,481.76598011443355,0,Uniform,Uniform
-1,2,2,575,distributed,1000,847.071206569325,2.0,481.76598011443355,0,Uniform,Uniform
-1,2,2,576,distributed,1000,847.071206569325,2.0,481.76603384941313,0,Uniform,Uniform
-1,2,2,577,distributed,1000,847.071206569325,2.0,481.76603384941313,0,Uniform,Uniform
-1,2,2,578,distributed,1000,847.071206569325,2.0,481.76608688245983,0,Uniform,Uniform
-1,2,2,579,distributed,1000,847.071206569325,2.0,481.76608688245983,0,Uniform,Uniform
-1,2,2,580,distributed,1000,847.071206569325,2.0,481.7661392174634,0,Uniform,Uniform
-1,2,2,581,distributed,1000,847.071206569325,2.0,481.7661392174634,0,Uniform,Uniform
-1,2,2,582,distributed,1000,847.071206569325,2.0,481.76619085832374,0,Uniform,Uniform
-1,2,2,583,distributed,1000,847.071206569325,2.0,481.76619085832374,0,Uniform,Uniform
-1,2,2,584,distributed,1000,847.071206569325,2.0,481.7662418089532,0,Uniform,Uniform
-1,2,2,585,distributed,1000,847.071206569325,2.0,481.7662418089532,0,Uniform,Uniform
-1,2,2,586,distributed,1000,847.071206569325,2.0,481.7662920732771,0,Uniform,Uniform
-1,2,2,587,distributed,1000,847.071206569325,2.0,481.7662920732771,0,Uniform,Uniform
-1,2,2,588,distributed,1000,847.071206569325,2.0,481.76634165523575,0,Uniform,Uniform
-1,2,2,589,distributed,1000,847.071206569325,2.0,481.76634165523575,0,Uniform,Uniform
-1,2,2,590,distributed,1000,847.071206569325,2.0,481.7663905587849,0,Uniform,Uniform
-1,2,2,591,distributed,1000,847.071206569325,2.0,481.7663905587849,0,Uniform,Uniform
-1,2,2,592,distributed,1000,847.071206569325,2.0,481.7664387878991,0,Uniform,Uniform
-1,2,2,593,distributed,1000,847.071206569325,2.0,481.7664387878991,0,Uniform,Uniform
-1,2,2,594,distributed,1000,847.071206569325,2.0,481.7664863465697,0,Uniform,Uniform
-1,2,2,595,distributed,1000,847.071206569325,2.0,481.7664863465697,0,Uniform,Uniform
-1,2,2,596,distributed,1000,847.071206569325,2.0,481.7665332388097,0,Uniform,Uniform
-1,2,2,597,distributed,1000,847.071206569325,2.0,481.7665332388097,0,Uniform,Uniform
-1,2,2,598,distributed,1000,847.071206569325,2.0,481.7665794686519,0,Uniform,Uniform
-1,2,2,599,distributed,1000,847.071206569325,2.0,481.7665794686519,0,Uniform,Uniform
-1,2,2,600,distributed,1000,847.071206569325,2.0,481.7666250401517,0,Uniform,Uniform
-1,2,2,601,distributed,1000,847.071206569325,2.0,481.7666250401517,0,Uniform,Uniform
-1,2,2,602,distributed,1000,847.071206569325,2.0,481.7666699573879,0,Uniform,Uniform
-1,2,2,603,distributed,1000,847.071206569325,2.0,481.7666699573879,0,Uniform,Uniform
-1,2,2,604,distributed,1000,847.071206569325,2.0,481.76671422446304,0,Uniform,Uniform
-1,2,2,605,distributed,1000,847.071206569325,2.0,481.76671422446304,0,Uniform,Uniform
-1,2,2,606,distributed,1000,847.071206569325,2.0,481.7667578455049,0,Uniform,Uniform
-1,2,2,607,distributed,1000,847.071206569325,2.0,481.7667578455049,0,Uniform,Uniform
-1,2,2,608,distributed,1000,847.071206569325,2.0,481.76680082466754,0,Uniform,Uniform
-1,2,2,609,distributed,1000,847.071206569325,2.0,481.76680082466754,0,Uniform,Uniform
-1,2,2,610,distributed,1000,847.071206569325,2.0,481.76684316613114,0,Uniform,Uniform
-1,2,2,611,distributed,1000,847.071206569325,2.0,481.76684316613114,0,Uniform,Uniform
-1,2,2,612,distributed,1000,847.071206569325,2.0,481.766884874104,0,Uniform,Uniform
-1,2,2,613,distributed,1000,847.071206569325,2.0,481.766884874104,0,Uniform,Uniform
-1,2,2,614,distributed,1000,847.071206569325,2.0,481.76692595282293,0,Uniform,Uniform
-1,2,2,615,distributed,1000,847.071206569325,2.0,481.76692595282293,0,Uniform,Uniform
-1,2,2,616,distributed,1000,847.071206569325,2.0,481.7669664065532,0,Uniform,Uniform
-1,2,2,617,distributed,1000,847.071206569325,2.0,481.7669664065532,0,Uniform,Uniform
-1,2,2,618,distributed,1000,847.071206569325,2.0,481.76700623958936,0,Uniform,Uniform
-1,2,2,619,distributed,1000,847.071206569325,2.0,481.76700623958936,0,Uniform,Uniform
-1,2,2,620,distributed,1000,847.071206569325,2.0,481.7670454562569,0,Uniform,Uniform
-1,2,2,621,distributed,1000,847.071206569325,2.0,481.7670454562569,0,Uniform,Uniform
-1,2,2,622,distributed,1000,847.071206569325,2.0,481.7670840609107,0,Uniform,Uniform
-1,2,2,623,distributed,1000,847.071206569325,2.0,481.7670840609107,0,Uniform,Uniform
-1,2,2,624,distributed,1000,847.071206569325,2.0,481.76712205793723,0,Uniform,Uniform
-1,2,2,625,distributed,1000,847.071206569325,2.0,481.76712205793723,0,Uniform,Uniform
-1,2,2,626,distributed,1000,847.071206569325,2.0,481.7671594517544,0,Uniform,Uniform
-1,2,2,627,distributed,1000,847.071206569325,2.0,481.7671594517544,0,Uniform,Uniform
-1,2,2,628,distributed,1000,847.071206569325,2.0,481.76719624681107,0,Uniform,Uniform
-1,2,2,629,distributed,1000,847.071206569325,2.0,481.76719624681107,0,Uniform,Uniform
-1,2,2,630,distributed,1000,847.071206569325,2.0,481.7672324475881,0,Uniform,Uniform
-1,2,2,631,distributed,1000,847.071206569325,2.0,481.7672324475881,0,Uniform,Uniform
-1,2,2,632,distributed,1000,847.071206569325,2.0,481.7672680585984,0,Uniform,Uniform
-1,2,2,633,distributed,1000,847.071206569325,2.0,481.7672680585984,0,Uniform,Uniform
-1,2,2,634,distributed,1000,847.071206569325,2.0,481.76730308438664,0,Uniform,Uniform
-1,2,2,635,distributed,1000,847.071206569325,2.0,481.76730308438664,0,Uniform,Uniform
-1,2,2,636,distributed,1000,847.071206569325,2.0,481.7673375295299,0,Uniform,Uniform
-1,2,2,637,distributed,1000,847.071206569325,2.0,481.7673375295299,0,Uniform,Uniform
-1,2,2,638,distributed,1000,847.071206569325,2.0,481.7673713986367,0,Uniform,Uniform
-1,2,2,639,distributed,1000,847.071206569325,2.0,481.7673713986367,0,Uniform,Uniform
-1,2,2,640,distributed,1000,847.071206569325,2.0,481.7674046963483,0,Uniform,Uniform
-1,2,2,641,distributed,1000,847.071206569325,2.0,481.7674046963483,0,Uniform,Uniform
-1,2,2,642,distributed,1000,847.071206569325,2.0,481.76743742733737,0,Uniform,Uniform
-1,2,2,643,distributed,1000,847.071206569325,2.0,481.76743742733737,0,Uniform,Uniform
-1,2,2,644,distributed,1000,847.071206569325,2.0,481.7674695963082,0,Uniform,Uniform
-1,2,2,645,distributed,1000,847.071206569325,2.0,481.7674695963082,0,Uniform,Uniform
-1,2,2,646,distributed,1000,847.071206569325,2.0,481.7675012079964,0,Uniform,Uniform
-1,2,2,647,distributed,1000,847.071206569325,2.0,481.7675012079964,0,Uniform,Uniform
-1,2,2,648,distributed,1000,847.071206569325,2.0,481.76753226716886,0,Uniform,Uniform
-1,2,2,649,distributed,1000,847.071206569325,2.0,481.76753226716886,0,Uniform,Uniform
-1,2,2,650,distributed,1000,847.071206569325,2.0,481.7675627786233,0,Uniform,Uniform
-1,2,2,651,distributed,1000,847.071206569325,2.0,481.7675627786233,0,Uniform,Uniform
-1,2,2,652,distributed,1000,847.071206569325,2.0,481.7675927471874,0,Uniform,Uniform
-1,2,2,653,distributed,1000,847.071206569325,2.0,481.7675927471874,0,Uniform,Uniform
-1,2,2,654,distributed,1000,847.071206569325,2.0,481.76762217771875,0,Uniform,Uniform
-1,2,2,655,distributed,1000,847.071206569325,2.0,481.76762217771875,0,Uniform,Uniform
-1,2,2,656,distributed,1000,847.071206569325,2.0,481.7676510751044,0,Uniform,Uniform
-1,2,2,657,distributed,1000,847.071206569325,2.0,481.7676510751044,0,Uniform,Uniform
-1,2,2,658,distributed,1000,847.071206569325,2.0,481.76767944426035,0,Uniform,Uniform
-1,2,2,659,distributed,1000,847.071206569325,2.0,481.76767944426035,0,Uniform,Uniform
-1,2,2,660,distributed,1000,847.071206569325,2.0,481.76770729013015,0,Uniform,Uniform
-1,2,2,661,distributed,1000,847.071206569325,2.0,481.76770729013015,0,Uniform,Uniform
-1,2,2,662,distributed,1000,847.071206569325,2.0,481.76773461768533,0,Uniform,Uniform
-1,2,2,663,distributed,1000,847.071206569325,2.0,481.76773461768533,0,Uniform,Uniform
-1,2,2,664,distributed,1000,847.071206569325,2.0,481.7677614319241,0,Uniform,Uniform
-1,2,2,665,distributed,1000,847.071206569325,2.0,481.7677614319241,0,Uniform,Uniform
-1,2,2,666,distributed,1000,847.071206569325,2.0,481.76778773787004,0,Uniform,Uniform
-1,2,2,667,distributed,1000,847.071206569325,2.0,481.76778773787004,0,Uniform,Uniform
-1,2,2,668,distributed,1000,847.071206569325,2.0,481.7678135405728,0,Uniform,Uniform
-1,2,2,669,distributed,1000,847.071206569325,2.0,481.7678135405728,0,Uniform,Uniform
-1,2,2,670,distributed,1000,847.071206569325,2.0,481.76783884510604,0,Uniform,Uniform
-1,2,2,671,distributed,1000,847.071206569325,2.0,481.76783884510604,0,Uniform,Uniform
-1,2,2,672,distributed,1000,847.071206569325,2.0,481.7678636565665,0,Uniform,Uniform
-1,2,2,673,distributed,1000,847.071206569325,2.0,481.7678636565665,0,Uniform,Uniform
-1,2,2,674,distributed,1000,847.071206569325,2.0,481.767887980074,0,Uniform,Uniform
-1,2,2,675,distributed,1000,847.071206569325,2.0,481.767887980074,0,Uniform,Uniform
-1,2,2,676,distributed,1000,847.071206569325,2.0,481.76791182076965,0,Uniform,Uniform
-1,2,2,677,distributed,1000,847.071206569325,2.0,481.76791182076965,0,Uniform,Uniform
-1,2,2,678,distributed,1000,847.071206569325,2.0,481.76793518381527,0,Uniform,Uniform
-1,2,2,679,distributed,1000,847.071206569325,2.0,481.76793518381527,0,Uniform,Uniform
-1,2,2,680,distributed,1000,847.071206569325,2.0,481.76795807439214,0,Uniform,Uniform
-1,2,2,681,distributed,1000,847.071206569325,2.0,481.76795807439214,0,Uniform,Uniform
-1,2,2,682,distributed,1000,847.071206569325,2.0,481.76798049769997,0,Uniform,Uniform
-1,2,2,683,distributed,1000,847.071206569325,2.0,481.76798049769997,0,Uniform,Uniform
-1,2,2,684,distributed,1000,847.071206569325,2.0,481.7680024589559,0,Uniform,Uniform
-1,2,2,685,distributed,1000,847.071206569325,2.0,481.7680024589559,0,Uniform,Uniform
-1,2,2,686,distributed,1000,847.071206569325,2.0,481.76802396339366,0,Uniform,Uniform
-1,2,2,687,distributed,1000,847.071206569325,2.0,481.76802396339366,0,Uniform,Uniform
-1,2,2,688,distributed,1000,847.071206569325,2.0,481.7680450162616,0,Uniform,Uniform
-1,2,2,689,distributed,1000,847.071206569325,2.0,481.7680450162616,0,Uniform,Uniform
-1,2,2,690,distributed,1000,847.071206569325,2.0,481.7680656228225,0,Uniform,Uniform
-1,2,2,691,distributed,1000,847.071206569325,2.0,481.7680656228225,0,Uniform,Uniform
-1,2,2,692,distributed,1000,847.071206569325,2.0,481.7680857883518,0,Uniform,Uniform
-1,2,2,693,distributed,1000,847.071206569325,2.0,481.7680857883518,0,Uniform,Uniform
-1,2,2,694,distributed,1000,847.071206569325,2.0,481.76810551813634,0,Uniform,Uniform
-1,2,2,695,distributed,1000,847.071206569325,2.0,481.76810551813634,0,Uniform,Uniform
-1,2,2,696,distributed,1000,847.071206569325,2.0,481.7681248174733,0,Uniform,Uniform
-1,2,2,697,distributed,1000,847.071206569325,2.0,481.7681248174733,0,Uniform,Uniform
-1,2,2,698,distributed,1000,847.071206569325,2.0,481.7681436916692,0,Uniform,Uniform
-1,2,2,699,distributed,1000,847.071206569325,2.0,481.7681436916692,0,Uniform,Uniform
-1,2,2,700,distributed,1000,847.071206569325,2.0,481.7681621460383,0,Uniform,Uniform
-1,2,2,701,distributed,1000,847.071206569325,2.0,481.7681621460383,0,Uniform,Uniform
-1,2,2,702,distributed,1000,847.071206569325,2.0,481.76818018590114,0,Uniform,Uniform
-1,2,2,703,distributed,1000,847.071206569325,2.0,481.76818018590114,0,Uniform,Uniform
-1,2,2,704,distributed,1000,847.071206569325,2.0,481.76819781658395,0,Uniform,Uniform
-1,2,2,705,distributed,1000,847.071206569325,2.0,481.76819781658395,0,Uniform,Uniform
-1,2,2,706,distributed,1000,847.071206569325,2.0,481.7682150434165,0,Uniform,Uniform
-1,2,2,707,distributed,1000,847.071206569325,2.0,481.7682150434165,0,Uniform,Uniform
-1,2,2,708,distributed,1000,847.071206569325,2.0,481.76823187173176,0,Uniform,Uniform
-1,2,2,709,distributed,1000,847.071206569325,2.0,481.76823187173176,0,Uniform,Uniform
-1,2,2,710,distributed,1000,847.071206569325,2.0,481.76824830686326,0,Uniform,Uniform
-1,2,2,711,distributed,1000,847.071206569325,2.0,481.76824830686326,0,Uniform,Uniform
-1,2,2,712,distributed,1000,847.071206569325,2.0,481.7682643541451,0,Uniform,Uniform
-1,2,2,713,distributed,1000,847.071206569325,2.0,481.7682643541451,0,Uniform,Uniform
-1,2,2,714,distributed,1000,847.071206569325,2.0,481.76828001891016,0,Uniform,Uniform
-1,2,2,715,distributed,1000,847.071206569325,2.0,481.76828001891016,0,Uniform,Uniform
-1,2,2,716,distributed,1000,847.071206569325,2.0,481.76829530648814,0,Uniform,Uniform
-1,2,2,717,distributed,1000,847.071206569325,2.0,481.76829530648814,0,Uniform,Uniform
-1,2,2,718,distributed,1000,847.071206569325,2.0,481.76831022220523,0,Uniform,Uniform
-1,2,2,719,distributed,1000,847.071206569325,2.0,481.76831022220523,0,Uniform,Uniform
-1,2,2,720,distributed,1000,847.071206569325,2.0,481.76832477138225,0,Uniform,Uniform
-1,2,2,721,distributed,1000,847.071206569325,2.0,481.76832477138225,0,Uniform,Uniform
-1,2,2,722,distributed,1000,847.071206569325,2.0,481.7683389593332,0,Uniform,Uniform
-1,2,2,723,distributed,1000,847.071206569325,2.0,481.7683389593332,0,Uniform,Uniform
-1,2,2,724,distributed,1000,847.071206569325,2.0,481.7683527913643,0,Uniform,Uniform
-1,2,2,725,distributed,1000,847.071206569325,2.0,481.7683527913643,0,Uniform,Uniform
-1,2,2,726,distributed,1000,847.071206569325,2.0,481.76836627277254,0,Uniform,Uniform
-1,2,2,727,distributed,1000,847.071206569325,2.0,481.76836627277254,0,Uniform,Uniform
-1,2,2,728,distributed,1000,847.071206569325,2.0,481.7683794088443,0,Uniform,Uniform
-1,2,2,729,distributed,1000,847.071206569325,2.0,481.7683794088443,0,Uniform,Uniform
-1,2,2,730,distributed,1000,847.071206569325,2.0,481.7683922048538,0,Uniform,Uniform
-1,2,2,731,distributed,1000,847.071206569325,2.0,481.7683922048538,0,Uniform,Uniform
-1,2,2,732,distributed,1000,847.071206569325,2.0,481.76840466606257,0,Uniform,Uniform
-1,2,2,733,distributed,1000,847.071206569325,2.0,481.76840466606257,0,Uniform,Uniform
-1,2,2,734,distributed,1000,847.071206569325,2.0,481.7684167977176,0,Uniform,Uniform
-1,2,2,735,distributed,1000,847.071206569325,2.0,481.7684167977176,0,Uniform,Uniform
-1,2,2,736,distributed,1000,847.071206569325,2.0,481.7684286050498,0,Uniform,Uniform
-1,2,2,737,distributed,1000,847.071206569325,2.0,481.7684286050498,0,Uniform,Uniform
-1,2,2,738,distributed,1000,847.071206569325,2.0,481.7684400932734,0,Uniform,Uniform
-1,2,2,739,distributed,1000,847.071206569325,2.0,481.7684400932734,0,Uniform,Uniform
-1,2,2,740,distributed,1000,847.071206569325,2.0,481.76845126758445,0,Uniform,Uniform
-1,2,2,741,distributed,1000,847.071206569325,2.0,481.76845126758445,0,Uniform,Uniform
-1,2,2,742,distributed,1000,847.071206569325,2.0,481.7684621331592,0,Uniform,Uniform
-1,2,2,743,distributed,1000,847.071206569325,2.0,481.7684621331592,0,Uniform,Uniform
-1,2,2,744,distributed,1000,847.071206569325,2.0,481.76847269515355,0,Uniform,Uniform
-1,2,2,745,distributed,1000,847.071206569325,2.0,481.76847269515355,0,Uniform,Uniform
-1,2,2,746,distributed,1000,847.071206569325,2.0,481.7684829587015,0,Uniform,Uniform
-1,2,2,747,distributed,1000,847.071206569325,2.0,481.7684829587015,0,Uniform,Uniform
-1,2,2,748,distributed,1000,847.071206569325,2.0,481.7684929289137,0,Uniform,Uniform
-1,2,2,749,distributed,1000,847.071206569325,2.0,481.7684929289137,0,Uniform,Uniform
-1,2,2,750,distributed,1000,847.071206569325,2.0,481.76850261087674,0,Uniform,Uniform
-1,2,2,751,distributed,1000,847.071206569325,2.0,481.76850261087674,0,Uniform,Uniform
-1,2,2,752,distributed,1000,847.071206569325,2.0,481.7685120096519,0,Uniform,Uniform
-1,2,2,753,distributed,1000,847.071206569325,2.0,481.7685120096519,0,Uniform,Uniform
-1,2,2,754,distributed,1000,847.071206569325,2.0,481.768521130274,0,Uniform,Uniform
-1,2,2,755,distributed,1000,847.071206569325,2.0,481.768521130274,0,Uniform,Uniform
-1,2,2,756,distributed,1000,847.071206569325,2.0,481.76852997774984,0,Uniform,Uniform
-1,2,2,757,distributed,1000,847.071206569325,2.0,481.76852997774984,0,Uniform,Uniform
-1,2,2,758,distributed,1000,847.071206569325,2.0,481.7685385570578,0,Uniform,Uniform
-1,2,2,759,distributed,1000,847.071206569325,2.0,481.7685385570578,0,Uniform,Uniform
-1,2,2,760,distributed,1000,847.071206569325,2.0,481.7685468731467,0,Uniform,Uniform
-1,2,2,761,distributed,1000,847.071206569325,2.0,481.7685468731467,0,Uniform,Uniform
-1,2,2,762,distributed,1000,847.071206569325,2.0,481.7685549309343,0,Uniform,Uniform
-1,2,2,763,distributed,1000,847.071206569325,2.0,481.7685549309343,0,Uniform,Uniform
-1,2,2,764,distributed,1000,847.071206569325,2.0,481.7685627353061,0,Uniform,Uniform
-1,2,2,765,distributed,1000,847.071206569325,2.0,481.7685627353061,0,Uniform,Uniform
-1,2,2,766,distributed,1000,847.071206569325,2.0,481.76857029111557,0,Uniform,Uniform
-1,2,2,767,distributed,1000,847.071206569325,2.0,481.76857029111557,0,Uniform,Uniform
-1,2,2,768,distributed,1000,847.071206569325,2.0,481.76857760318177,0,Uniform,Uniform
-1,2,2,769,distributed,1000,847.071206569325,2.0,481.76857760318177,0,Uniform,Uniform
-1,2,2,770,distributed,1000,847.071206569325,2.0,481.76858467628927,0,Uniform,Uniform
-1,2,2,771,distributed,1000,847.071206569325,2.0,481.76858467628927,0,Uniform,Uniform
-1,2,2,772,distributed,1000,847.071206569325,2.0,481.76859151518676,0,Uniform,Uniform
-1,2,2,773,distributed,1000,847.071206569325,2.0,481.76859151518676,0,Uniform,Uniform
-1,2,2,774,distributed,1000,847.071206569325,2.0,481.76859812458656,0,Uniform,Uniform
-1,2,2,775,distributed,1000,847.071206569325,2.0,481.76859812458656,0,Uniform,Uniform
-1,2,2,776,distributed,1000,847.071206569325,2.0,481.76860450916314,0,Uniform,Uniform
-1,2,2,777,distributed,1000,847.071206569325,2.0,481.76860450916314,0,Uniform,Uniform
-1,2,2,778,distributed,1000,847.071206569325,2.0,481.768610673553,0,Uniform,Uniform
-1,2,2,779,distributed,1000,847.071206569325,2.0,481.768610673553,0,Uniform,Uniform
-1,2,2,780,distributed,1000,847.071206569325,2.0,481.7686166223533,0,Uniform,Uniform
-1,2,2,781,distributed,1000,847.071206569325,2.0,481.7686166223533,0,Uniform,Uniform
-1,2,2,782,distributed,1000,847.071206569325,2.0,481.76862236012136,0,Uniform,Uniform
-1,2,2,783,distributed,1000,847.071206569325,2.0,481.76862236012136,0,Uniform,Uniform
-1,2,2,784,distributed,1000,847.071206569325,2.0,481.7686278913737,0,Uniform,Uniform
-1,2,2,785,distributed,1000,847.071206569325,2.0,481.7686278913737,0,Uniform,Uniform
-1,2,2,786,distributed,1000,847.071206569325,2.0,481.76863322058534,0,Uniform,Uniform
-1,2,2,787,distributed,1000,847.071206569325,2.0,481.76863322058534,0,Uniform,Uniform
-1,2,2,788,distributed,1000,847.071206569325,2.0,481.7686383521887,0,Uniform,Uniform
-1,2,2,789,distributed,1000,847.071206569325,2.0,481.7686383521887,0,Uniform,Uniform
-1,2,2,790,distributed,1000,847.071206569325,2.0,481.7686432905744,0,Uniform,Uniform
-1,2,2,791,distributed,1000,847.071206569325,2.0,481.7686432905744,0,Uniform,Uniform
-1,2,2,792,distributed,1000,847.071206569325,2.0,481.7686480400883,0,Uniform,Uniform
-1,2,2,793,distributed,1000,847.071206569325,2.0,481.7686480400883,0,Uniform,Uniform
-1,2,2,794,distributed,1000,847.071206569325,2.0,481.76865260503257,0,Uniform,Uniform
-1,2,2,795,distributed,1000,847.071206569325,2.0,481.76865260503257,0,Uniform,Uniform
-1,2,2,796,distributed,1000,847.071206569325,2.0,481.7686569896646,0,Uniform,Uniform
-1,2,2,797,distributed,1000,847.071206569325,2.0,481.7686569896646,0,Uniform,Uniform
-1,2,2,798,distributed,1000,847.071206569325,2.0,481.7686611981962,0,Uniform,Uniform
-1,2,2,799,distributed,1000,847.071206569325,2.0,481.7686611981962,0,Uniform,Uniform
-1,2,2,800,distributed,1000,847.071206569325,2.0,481.76866523479345,0,Uniform,Uniform
-1,2,2,801,distributed,1000,847.071206569325,2.0,481.76866523479345,0,Uniform,Uniform
-1,2,2,802,distributed,1000,847.071206569325,2.0,481.7686691035756,0,Uniform,Uniform
-1,2,2,803,distributed,1000,847.071206569325,2.0,481.7686691035756,0,Uniform,Uniform
-1,2,2,804,distributed,1000,847.071206569325,2.0,481.76867280861495,0,Uniform,Uniform
-1,2,2,805,distributed,1000,847.071206569325,2.0,481.76867280861495,0,Uniform,Uniform
-1,2,2,806,distributed,1000,847.071206569325,2.0,481.76867635393637,0,Uniform,Uniform
-1,2,2,807,distributed,1000,847.071206569325,2.0,481.76867635393637,0,Uniform,Uniform
-1,2,2,808,distributed,1000,847.071206569325,2.0,481.7686797435168,0,Uniform,Uniform
-1,2,2,809,distributed,1000,847.071206569325,2.0,481.7686797435168,0,Uniform,Uniform
-1,2,2,810,distributed,1000,847.071206569325,2.0,481.7686829812848,0,Uniform,Uniform
-1,2,2,811,distributed,1000,847.071206569325,2.0,481.7686829812848,0,Uniform,Uniform
-1,2,2,812,distributed,1000,847.071206569325,2.0,481.76868607112004,0,Uniform,Uniform
-1,2,2,813,distributed,1000,847.071206569325,2.0,481.76868607112004,0,Uniform,Uniform
-1,2,2,814,distributed,1000,847.071206569325,2.0,481.7686890168531,0,Uniform,Uniform
-1,2,2,815,distributed,1000,847.071206569325,2.0,481.7686890168531,0,Uniform,Uniform
-1,2,2,816,distributed,1000,847.071206569325,2.0,481.76869182226494,0,Uniform,Uniform
-1,2,2,817,distributed,1000,847.071206569325,2.0,481.76869182226494,0,Uniform,Uniform
-1,2,2,818,distributed,1000,847.071206569325,2.0,481.76869449108676,0,Uniform,Uniform
-1,2,2,819,distributed,1000,847.071206569325,2.0,481.76869449108676,0,Uniform,Uniform
-1,2,2,820,distributed,1000,847.071206569325,2.0,481.76869702699963,0,Uniform,Uniform
-1,2,2,821,distributed,1000,847.071206569325,2.0,481.76869702699963,0,Uniform,Uniform
-1,2,2,822,distributed,1000,847.071206569325,2.0,481.76869943363425,0,Uniform,Uniform
-1,2,2,823,distributed,1000,847.071206569325,2.0,481.76869943363425,0,Uniform,Uniform
-1,2,2,824,distributed,1000,847.071206569325,2.0,481.7687017145704,0,Uniform,Uniform
-1,2,2,825,distributed,1000,847.071206569325,2.0,481.7687017145704,0,Uniform,Uniform
-1,2,2,826,distributed,1000,847.071206569325,2.0,481.7687038733376,0,Uniform,Uniform
-1,2,2,827,distributed,1000,847.071206569325,2.0,481.7687038733376,0,Uniform,Uniform
-1,2,2,828,distributed,1000,847.071206569325,2.0,481.7687059134137,0,Uniform,Uniform
-1,2,2,829,distributed,1000,847.071206569325,2.0,481.7687059134137,0,Uniform,Uniform
-1,2,2,830,distributed,1000,847.071206569325,2.0,481.7687078382254,0,Uniform,Uniform
-1,2,2,831,distributed,1000,847.071206569325,2.0,481.7687078382254,0,Uniform,Uniform
-1,2,2,832,distributed,1000,847.071206569325,2.0,481.7687096511482,0,Uniform,Uniform
-1,2,2,833,distributed,1000,847.071206569325,2.0,481.7687096511482,0,Uniform,Uniform
-1,2,2,834,distributed,1000,847.071206569325,2.0,481.76871135550607,0,Uniform,Uniform
-1,2,2,835,distributed,1000,847.071206569325,2.0,481.76871135550607,0,Uniform,Uniform
-1,2,2,836,distributed,1000,847.071206569325,2.0,481.76871295457136,0,Uniform,Uniform
-1,2,2,837,distributed,1000,847.071206569325,2.0,481.76871295457136,0,Uniform,Uniform
-1,2,2,838,distributed,1000,847.071206569325,2.0,481.7687144515648,0,Uniform,Uniform
-1,2,2,839,distributed,1000,847.071206569325,2.0,481.7687144515648,0,Uniform,Uniform
-1,2,2,840,distributed,1000,847.071206569325,2.0,481.7687158496551,0,Uniform,Uniform
-1,2,2,841,distributed,1000,847.071206569325,2.0,481.7687158496551,0,Uniform,Uniform
-1,2,2,842,distributed,1000,847.071206569325,2.0,481.76871715195966,0,Uniform,Uniform
-1,2,2,843,distributed,1000,847.071206569325,2.0,481.76871715195966,0,Uniform,Uniform
-1,2,2,844,distributed,1000,847.071206569325,2.0,481.7687183615437,0,Uniform,Uniform
-1,2,2,845,distributed,1000,847.071206569325,2.0,481.7687183615437,0,Uniform,Uniform
-1,2,2,846,distributed,1000,847.071206569325,2.0,481.768719481421,0,Uniform,Uniform
-1,2,2,847,distributed,1000,847.071206569325,2.0,481.768719481421,0,Uniform,Uniform
-1,2,2,848,distributed,1000,847.071206569325,2.0,481.7687205145535,0,Uniform,Uniform
-1,2,2,849,distributed,1000,847.071206569325,2.0,481.7687205145535,0,Uniform,Uniform
-1,2,2,850,distributed,1000,847.071206569325,2.0,481.76872146385176,0,Uniform,Uniform
-1,2,2,851,distributed,1000,847.071206569325,2.0,481.76872146385176,0,Uniform,Uniform
-1,2,2,852,distributed,1000,847.071206569325,2.0,481.76872233217443,0,Uniform,Uniform
-1,2,2,853,distributed,1000,847.071206569325,2.0,481.76872233217443,0,Uniform,Uniform
-1,2,2,854,distributed,1000,847.071206569325,2.0,481.76872312232894,0,Uniform,Uniform
-1,2,2,855,distributed,1000,847.071206569325,2.0,481.76872312232894,0,Uniform,Uniform
-1,2,2,856,distributed,1000,847.071206569325,2.0,481.7687238370711,0,Uniform,Uniform
-1,2,2,857,distributed,1000,847.071206569325,2.0,481.7687238370711,0,Uniform,Uniform
-1,2,2,858,distributed,1000,847.071206569325,2.0,481.76872447910625,0,Uniform,Uniform
-1,2,2,859,distributed,1000,847.071206569325,2.0,481.76872447910625,0,Uniform,Uniform
-1,2,2,860,distributed,1000,847.071206569325,2.0,481.76872505108804,0,Uniform,Uniform
-1,2,2,861,distributed,1000,847.071206569325,2.0,481.76872505108804,0,Uniform,Uniform
-1,2,2,862,distributed,1000,847.071206569325,2.0,481.76872555561937,0,Uniform,Uniform
-1,2,2,863,distributed,1000,847.071206569325,2.0,481.76872555561937,0,Uniform,Uniform
-1,2,2,864,distributed,1000,847.071206569325,2.0,481.76872599525325,0,Uniform,Uniform
-1,2,2,865,distributed,1000,847.071206569325,2.0,481.76872599525325,0,Uniform,Uniform
-1,2,2,866,distributed,1000,847.071206569325,2.0,481.76872637249136,0,Uniform,Uniform
-1,2,2,867,distributed,1000,847.071206569325,2.0,481.76872637249136,0,Uniform,Uniform
-1,2,2,868,distributed,1000,847.071206569325,2.0,481.76872668978575,0,Uniform,Uniform
-1,2,2,869,distributed,1000,847.071206569325,2.0,481.76872668978575,0,Uniform,Uniform
-1,2,2,870,distributed,1000,847.071206569325,2.0,481.76872694953863,0,Uniform,Uniform
-1,2,2,871,distributed,1000,847.071206569325,2.0,481.76872694953863,0,Uniform,Uniform
-1,2,2,872,distributed,1000,847.071206569325,2.0,481.76872715410246,0,Uniform,Uniform
-1,2,2,873,distributed,1000,847.071206569325,2.0,481.76872715410246,0,Uniform,Uniform
-1,2,2,874,distributed,1000,847.071206569325,2.0,481.7687273057802,0,Uniform,Uniform
-1,2,2,875,distributed,1000,847.071206569325,2.0,481.7687273057802,0,Uniform,Uniform
-1,2,2,876,distributed,1000,847.071206569325,2.0,481.7687274068264,0,Uniform,Uniform
-1,2,2,877,distributed,1000,847.071206569325,2.0,481.7687274068264,0,Uniform,Uniform
-1,2,2,878,distributed,1000,847.071206569325,2.0,481.7687274594464,0,Uniform,Uniform
-1,2,2,879,distributed,1000,847.071206569325,2.0,481.7687274594464,0,Uniform,Uniform
-1,2,2,880,distributed,1000,847.071206569325,2.0,481.7687274657975,0,Uniform,Uniform
-1,2,2,881,distributed,1000,847.071206569325,2.0,481.7687274657975,0,Uniform,Uniform
-1,2,2,882,distributed,1000,847.071206569325,2.0,481.76872742798884,0,Uniform,Uniform
-1,2,2,883,distributed,1000,847.071206569325,2.0,481.76872742798884,0,Uniform,Uniform
-1,2,2,884,distributed,1000,847.071206569325,2.0,481.76872734808245,0,Uniform,Uniform
-1,2,2,885,distributed,1000,847.071206569325,2.0,481.76872734808245,0,Uniform,Uniform
-1,2,2,886,distributed,1000,847.071206569325,2.0,481.7687272280926,0,Uniform,Uniform
-1,2,2,887,distributed,1000,847.071206569325,2.0,481.7687272280926,0,Uniform,Uniform
-1,2,2,888,distributed,1000,847.071206569325,2.0,481.768727069987,0,Uniform,Uniform
-1,2,2,889,distributed,1000,847.071206569325,2.0,481.768727069987,0,Uniform,Uniform
-1,2,2,890,distributed,1000,847.071206569325,2.0,481.76872687568687,0,Uniform,Uniform
-1,2,2,891,distributed,1000,847.071206569325,2.0,481.76872687568687,0,Uniform,Uniform
-1,2,2,892,distributed,1000,847.071206569325,2.0,481.7687266470677,0,Uniform,Uniform
-1,2,2,893,distributed,1000,847.071206569325,2.0,481.7687266470677,0,Uniform,Uniform
-1,2,2,894,distributed,1000,847.071206569325,2.0,481.7687263859594,0,Uniform,Uniform
-1,2,2,895,distributed,1000,847.071206569325,2.0,481.7687263859594,0,Uniform,Uniform
-1,2,2,896,distributed,1000,847.071206569325,2.0,481.768726094147,0,Uniform,Uniform
-1,2,2,897,distributed,1000,847.071206569325,2.0,481.768726094147,0,Uniform,Uniform
-1,2,2,898,distributed,1000,847.071206569325,2.0,481.7687257733703,0,Uniform,Uniform
-1,2,2,899,distributed,1000,847.071206569325,2.0,481.7687257733703,0,Uniform,Uniform
-1,2,2,900,distributed,1000,847.071206569325,2.0,481.7687254253259,0,Uniform,Uniform
-1,2,2,901,distributed,1000,847.071206569325,2.0,481.7687254253259,0,Uniform,Uniform
-1,2,2,902,distributed,1000,847.071206569325,2.0,481.76872505166574,0,Uniform,Uniform
-1,2,2,903,distributed,1000,847.071206569325,2.0,481.76872505166574,0,Uniform,Uniform
-1,2,2,904,distributed,1000,847.071206569325,2.0,481.76872465399975,0,Uniform,Uniform
-1,2,2,905,distributed,1000,847.071206569325,2.0,481.76872465399975,0,Uniform,Uniform
-1,2,2,906,distributed,1000,847.071206569325,2.0,481.7687242338941,0,Uniform,Uniform
-1,2,2,907,distributed,1000,847.071206569325,2.0,481.7687242338941,0,Uniform,Uniform
-1,2,2,908,distributed,1000,847.071206569325,2.0,481.76872379287386,0,Uniform,Uniform
-1,2,2,909,distributed,1000,847.071206569325,2.0,481.76872379287386,0,Uniform,Uniform
-1,2,2,910,distributed,1000,847.071206569325,2.0,481.76872333242187,0,Uniform,Uniform
-1,2,2,911,distributed,1000,847.071206569325,2.0,481.76872333242187,0,Uniform,Uniform
-1,2,2,912,distributed,1000,847.071206569325,2.0,481.76872285397985,0,Uniform,Uniform
-1,2,2,913,distributed,1000,847.071206569325,2.0,481.76872285397985,0,Uniform,Uniform
-1,2,2,914,distributed,1000,847.071206569325,2.0,481.76872235894984,0,Uniform,Uniform
-1,2,2,915,distributed,1000,847.071206569325,2.0,481.76872235894984,0,Uniform,Uniform
-1,2,2,916,distributed,1000,847.071206569325,2.0,481.7687218486925,0,Uniform,Uniform
-1,2,2,917,distributed,1000,847.071206569325,2.0,481.7687218486925,0,Uniform,Uniform
-1,2,2,918,distributed,1000,847.071206569325,2.0,481.7687213245306,0,Uniform,Uniform
-1,2,2,919,distributed,1000,847.071206569325,2.0,481.7687213245306,0,Uniform,Uniform
-1,2,2,920,distributed,1000,847.071206569325,2.0,481.76872078774664,0,Uniform,Uniform
-1,2,2,921,distributed,1000,847.071206569325,2.0,481.76872078774664,0,Uniform,Uniform
-1,2,2,922,distributed,1000,847.071206569325,2.0,481.76872023958566,0,Uniform,Uniform
-1,2,2,923,distributed,1000,847.071206569325,2.0,481.76872023958566,0,Uniform,Uniform
-1,2,2,924,distributed,1000,847.071206569325,2.0,481.7687196812548,0,Uniform,Uniform
-1,2,2,925,distributed,1000,847.071206569325,2.0,481.7687196812548,0,Uniform,Uniform
-1,2,2,926,distributed,1000,847.071206569325,2.0,481.76871911392385,0,Uniform,Uniform
-1,2,2,927,distributed,1000,847.071206569325,2.0,481.76871911392385,0,Uniform,Uniform
-1,2,2,928,distributed,1000,847.071206569325,2.0,481.7687185387263,0,Uniform,Uniform
-1,2,2,929,distributed,1000,847.071206569325,2.0,481.7687185387263,0,Uniform,Uniform
-1,2,2,930,distributed,1000,847.071206569325,2.0,481.7687179567592,0,Uniform,Uniform
-1,2,2,931,distributed,1000,847.071206569325,2.0,481.7687179567592,0,Uniform,Uniform
-1,2,2,932,distributed,1000,847.071206569325,2.0,481.76871736908447,0,Uniform,Uniform
-1,2,2,933,distributed,1000,847.071206569325,2.0,481.76871736908447,0,Uniform,Uniform
-1,2,2,934,distributed,1000,847.071206569325,2.0,481.768716776729,0,Uniform,Uniform
-1,2,2,935,distributed,1000,847.071206569325,2.0,481.768716776729,0,Uniform,Uniform
-1,2,2,936,distributed,1000,847.071206569325,2.0,481.7687161806856,0,Uniform,Uniform
-1,2,2,937,distributed,1000,847.071206569325,2.0,481.7687161806856,0,Uniform,Uniform
-1,2,2,938,distributed,1000,847.071206569325,2.0,481.7687155819134,0,Uniform,Uniform
-1,2,2,939,distributed,1000,847.071206569325,2.0,481.7687155819134,0,Uniform,Uniform
-1,2,2,940,distributed,1000,847.071206569325,2.0,481.7687149813382,0,Uniform,Uniform
-1,2,2,941,distributed,1000,847.071206569325,2.0,481.7687149813382,0,Uniform,Uniform
-1,2,2,942,distributed,1000,847.071206569325,2.0,481.7687143798537,0,Uniform,Uniform
-1,2,2,943,distributed,1000,847.071206569325,2.0,481.7687143798537,0,Uniform,Uniform
-1,2,2,944,distributed,1000,847.071206569325,2.0,481.7687137783212,0,Uniform,Uniform
-1,2,2,945,distributed,1000,847.071206569325,2.0,481.7687137783212,0,Uniform,Uniform
-1,2,2,946,distributed,1000,847.071206569325,2.0,481.76871317757127,0,Uniform,Uniform
-1,2,2,947,distributed,1000,847.071206569325,2.0,481.76871317757127,0,Uniform,Uniform
-1,2,2,948,distributed,1000,847.071206569325,2.0,481.76871257840327,0,Uniform,Uniform
-1,2,2,949,distributed,1000,847.071206569325,2.0,481.76871257840327,0,Uniform,Uniform
-1,2,2,950,distributed,1000,847.071206569325,2.0,481.768711981587,0,Uniform,Uniform
-1,2,2,951,distributed,1000,847.071206569325,2.0,481.768711981587,0,Uniform,Uniform
-1,2,2,952,distributed,1000,847.071206569325,2.0,481.7687113878621,0,Uniform,Uniform
-1,2,2,953,distributed,1000,847.071206569325,2.0,481.7687113878621,0,Uniform,Uniform
-1,2,2,954,distributed,1000,847.071206569325,2.0,481.76871079793955,0,Uniform,Uniform
-1,2,2,955,distributed,1000,847.071206569325,2.0,481.76871079793955,0,Uniform,Uniform
-1,2,2,956,distributed,1000,847.071206569325,2.0,481.76871021250236,0,Uniform,Uniform
-1,2,2,957,distributed,1000,847.071206569325,2.0,481.76871021250236,0,Uniform,Uniform
-1,2,2,958,distributed,1000,847.071206569325,2.0,481.76870963220506,0,Uniform,Uniform
-1,2,2,959,distributed,1000,847.071206569325,2.0,481.76870963220506,0,Uniform,Uniform
-1,2,2,960,distributed,1000,847.071206569325,2.0,481.76870905767566,0,Uniform,Uniform
-1,2,2,961,distributed,1000,847.071206569325,2.0,481.76870905767566,0,Uniform,Uniform
-1,2,2,962,distributed,1000,847.071206569325,2.0,481.76870848951535,0,Uniform,Uniform
-1,2,2,963,distributed,1000,847.071206569325,2.0,481.76870848951535,0,Uniform,Uniform
-1,2,2,964,distributed,1000,847.071206569325,2.0,481.76870792829925,0,Uniform,Uniform
-1,2,2,965,distributed,1000,847.071206569325,2.0,481.76870792829925,0,Uniform,Uniform
-1,2,2,966,distributed,1000,847.071206569325,2.0,481.76870737457716,0,Uniform,Uniform
-1,2,2,967,distributed,1000,847.071206569325,2.0,481.76870737457716,0,Uniform,Uniform
-1,2,2,968,distributed,1000,847.071206569325,2.0,481.76870682887375,0,Uniform,Uniform
-1,2,2,969,distributed,1000,847.071206569325,2.0,481.76870682887375,0,Uniform,Uniform
-1,2,2,970,distributed,1000,847.071206569325,2.0,481.7687062916899,0,Uniform,Uniform
-1,2,2,971,distributed,1000,847.071206569325,2.0,481.7687062916899,0,Uniform,Uniform
-1,2,2,972,distributed,1000,847.071206569325,2.0,481.7687057635025,0,Uniform,Uniform
-1,2,2,973,distributed,1000,847.071206569325,2.0,481.7687057635025,0,Uniform,Uniform
-1,2,2,974,distributed,1000,847.071206569325,2.0,481.7687052447651,0,Uniform,Uniform
-1,2,2,975,distributed,1000,847.071206569325,2.0,481.7687052447651,0,Uniform,Uniform
-1,2,2,976,distributed,1000,847.071206569325,2.0,481.7687047359092,0,Uniform,Uniform
-1,2,2,977,distributed,1000,847.071206569325,2.0,481.7687047359092,0,Uniform,Uniform
-1,2,2,978,distributed,1000,847.071206569325,2.0,481.7687042373434,0,Uniform,Uniform
-1,2,2,979,distributed,1000,847.071206569325,2.0,481.7687042373434,0,Uniform,Uniform
-1,2,2,980,distributed,1000,847.071206569325,2.0,481.7687037494559,0,Uniform,Uniform
-1,2,2,981,distributed,1000,847.071206569325,2.0,481.7687037494559,0,Uniform,Uniform
-1,2,2,982,distributed,1000,847.071206569325,2.0,481.7687032726129,0,Uniform,Uniform
-1,2,2,983,distributed,1000,847.071206569325,2.0,481.7687032726129,0,Uniform,Uniform
-1,2,2,984,distributed,1000,847.071206569325,2.0,481.7687028071608,0,Uniform,Uniform
-1,2,2,985,distributed,1000,847.071206569325,2.0,481.7687028071608,0,Uniform,Uniform
-1,2,2,986,distributed,1000,847.071206569325,2.0,481.7687023534261,0,Uniform,Uniform
-1,2,2,987,distributed,1000,847.071206569325,2.0,481.7687023534261,0,Uniform,Uniform
-1,2,2,988,distributed,1000,847.071206569325,2.0,481.7687019117155,0,Uniform,Uniform
-1,2,2,989,distributed,1000,847.071206569325,2.0,481.7687019117155,0,Uniform,Uniform
-1,2,2,990,distributed,1000,847.071206569325,2.0,481.7687014823173,0,Uniform,Uniform
-1,2,2,991,distributed,1000,847.071206569325,2.0,481.7687014823173,0,Uniform,Uniform
-1,2,2,992,distributed,1000,847.071206569325,2.0,481.7687010655013,0,Uniform,Uniform
-1,2,2,993,distributed,1000,847.071206569325,2.0,481.7687010655013,0,Uniform,Uniform
-1,2,2,994,distributed,1000,847.071206569325,2.0,481.7687006615195,0,Uniform,Uniform
-1,2,2,995,distributed,1000,847.071206569325,2.0,481.7687006615195,0,Uniform,Uniform
-1,2,2,996,distributed,1000,847.071206569325,2.0,481.7687002706067,0,Uniform,Uniform
-1,2,2,997,distributed,1000,847.071206569325,2.0,481.7687002706067,0,Uniform,Uniform
-1,2,2,998,distributed,1000,847.071206569325,2.0,481.7686998929806,0,Uniform,Uniform
-1,2,2,999,distributed,1000,847.071206569325,2.0,481.7686998929806,0,Uniform,Uniform
-1,2,2,1000,distributed,1000,847.071206569325,2.0,481.7686995288427,0,Uniform,Uniform
